,상권구분코드명,상권코드,상권코드명,분기당매출건수,주중매출건수,주말매출건수,월요일매출건수,화요일매출건수,수요일매출건수,목요일매출건수,금요일매출건수,토요일매출건수,일요일매출건수,시간대00~06매출건수,시간대06~11매출건수,시간대11~14매출건수,시간대14~17매출건수,시간대17~21매출건수,시간대21~24매출건수,남성매출건수,여성매출건수,연령대10매출건수,연령대20매출건수,연령대30매출건수,연령대40매출건수,연령대50매출건수,연령대60이상매출건수
0,관광특구,1001496,강남 마이스 관광특구,180625,129840,50785,22916,23612,25208,27200,30904,25974,24811,,27690.0,55441,38844,51605,7045.0,85629,83137,3373.0,51643.0,55195.0,33330.0,16618.0,8611.0
1,관광특구,1001495,잠실 관광특구,547340,368137,179203,74793,66804,72453,68547,85540,91772,87431,,43261.0,153072,135464,186933,28610.0,249233,292476,28901.0,138747.0,133677.0,143880.0,57467.0,39036.0
2,관광특구,1001494,종로?청계 관광특구,52800,41424,11376,7533,8010,8784,8449,8648,6738,4638,,3743.0,22310,9580,15006,2161.0,28719,22496,744.0,14987.0,12658.0,8730.0,8053.0,6036.0
3,관광특구,1001493,동대문패션타운 관광특구,215998,157391,58607,25848,31134,32039,31926,36444,30711,27896,22466.0,19798.0,54793,36034,58175,24732.0,111957,99359,3677.0,65013.0,59331.0,37962.0,29048.0,16285.0
4,관광특구,1001492,명동 남대문 북창동 다동 무교동 관광특구,179062,147202,31860,26302,29277,29907,30401,31315,17012,14848,,40035.0,67666,26667,42234,2460.0,82915,82860,1400.0,48108.0,59425.0,29781.0,18135.0,8929.0
5,관광특구,1001491,이태원 관광특구,304485,164791,139694,33280,26458,29591,30660,44802,70856,68838,78616.0,9990.0,45812,39542,80032,50493.0,198014,100712,3848.0,134358.0,96708.0,31149.0,22624.0,10044.0
6,전통시장,2130324,길동복조리시장,6031,3792,2239,649,714,780,886,763,1112,1127,,18.0,755,986,3217,1055.0,3374,2637,56.0,1435.0,1149.0,1434.0,1333.0,605.0
7,전통시장,2130323,둔촌역전통시장,762,455,307,92,98,92,74,99,97,210,6.0,,24,92,480,68.0,347,304,6.0,44.0,166.0,204.0,168.0,63.0
8,전통시장,2130322,고분다리전통시장,362,243,119,20,71,34,58,60,60,59,,,47,33,164,118.0,242,114,,68.0,20.0,79.0,100.0,88.0
9,전통시장,2130318,로데오거리상점가,5487,4065,1422,889,861,676,756,883,736,686,18.0,,1717,1049,1704,999.0,3352,2055,165.0,1543.0,1366.0,1051.0,837.0,446.0
10,전통시장,2130317,마천중앙시장,3848,2498,1350,488,464,538,472,536,675,675,,,367,601,1799,406.0,1799,1374,90.0,418.0,548.0,859.0,817.0,441.0
11,전통시장,2130315,문정동 로데오거리 상점가(문정동 로데오거리),39681,28898,10783,5064,5423,5951,5924,6536,5779,5004,784.0,2464.0,13377,6444,13632,2980.0,20289,17206,913.0,7550.0,10568.0,8106.0,6886.0,3470.0
12,전통시장,2130314,풍납시장,8796,5329,3467,777,1149,1002,1144,1257,1872,1595,,289.0,1534,1163,4414,1396.0,5456,3340,100.0,1104.0,1470.0,2444.0,2079.0,1599.0
13,전통시장,2130313,방이시장,13682,9470,4212,1720,1822,1973,1808,2147,2054,2158,,241.0,2933,2383,6142,1983.0,7499,5799,241.0,2197.0,3911.0,3003.0,2471.0,1476.0
14,전통시장,2130310,강남개포시장,10011,8029,1982,1533,1784,1335,1726,1651,1714,268,,673.0,3504,2542,3262,30.0,4915,4857,426.0,2214.0,2152.0,2237.0,1940.0,801.0
15,전통시장,2130307,도곡시장,8084,5597,2487,936,1057,1057,1228,1319,1249,1238,,,1349,1249,3281,1148.0,3856,2980,373.0,1128.0,514.0,2265.0,2155.0,403.0
16,전통시장,2130303,영동전통시장,241,199,42,21,72,23,28,55,10,32,21.0,,21,22,95,82.0,98,109,,16.0,38.0,32.0,60.0,60.0
17,전통시장,2130302,강남시장(강남구 강남시장),2818,2498,320,512,405,512,406,663,171,149,,,1153,170,833,150.0,1217,854,,854.0,683.0,405.0,86.0,42.0
18,전통시장,2130299,엔터식스 강남점,189797,130325,59472,23473,21477,23297,26060,36018,33129,26343,336.0,30333.0,48040,40127,53474,17487.0,86184,95212,3127.0,58236.0,44141.0,32039.0,28254.0,15600.0
19,전통시장,2130295,인헌시장(원당종합시장),9471,6894,2577,378,1698,1688,1592,1538,1090,1487,,492.0,2367,1636,4902,74.0,4974,4497,200.0,3659.0,2413.0,1492.0,1133.0,574.0
20,전통시장,2130294,관악중부시장,20846,14490,6356,2665,2604,2722,3050,3449,3276,3080,102.0,893.0,5625,4833,7924,1469.0,11030,9580,385.0,4351.0,4763.0,4257.0,3511.0,3345.0
21,전통시장,2130293,봉천중앙시장,13736,8910,4826,1750,1677,1715,1592,2176,2224,2602,,60.0,1714,1871,6918,3173.0,7958,5778,161.0,3721.0,3523.0,2266.0,2624.0,1441.0
22,전통시장,2130290,영림시장,5741,3851,1890,864,865,601,629,892,836,1054,,9.0,686,798,3309,939.0,3592,2149,38.0,2197.0,1368.0,816.0,999.0,323.0
23,전통시장,2130285,서원동상점가,39212,26763,12449,4990,5235,5194,5222,6122,6214,6235,3982.0,2965.0,6350,6240,12434,7241.0,20866,18346,1699.0,15322.0,9779.0,5011.0,4689.0,2712.0
24,전통시장,2130278,미성동 도깨비시장 골목형상점가,2323,1604,719,345,376,196,359,328,343,376,,58.0,391,509,873,492.0,1285,1021,397.0,423.0,365.0,401.0,572.0,148.0
25,전통시장,2130273,남성사계시장(남성시장),8088,5775,2313,1027,1168,1105,1049,1426,1237,1076,,10.0,1075,1642,4081,1280.0,4071,4017,289.0,1710.0,1689.0,2033.0,1678.0,689.0
26,전통시장,2130271,남성역골목시장,24295,16737,7558,3298,3023,4021,2800,3595,3803,3755,,3364.0,5643,4670,9806,812.0,10777,13265,666.0,6237.0,6598.0,5413.0,3606.0,1523.0
27,전통시장,2130269,강남시장(동작구 강남시장),2609,1667,942,339,329,215,330,454,382,560,,,334,497,1377,401.0,1444,1112,54.0,807.0,468.0,392.0,643.0,193.0
28,전통시장,2130262,상도도깨비 골목형상점가,2037,1286,751,252,251,253,255,275,387,364,2.0,5.0,280,327,990,433.0,1124,899,6.0,385.0,443.0,418.0,492.0,280.0
29,전통시장,2130261,성대전통시장(성대시장),704,523,181,69,99,172,79,104,105,76,,23.0,50,132,371,128.0,400,294,3.0,112.0,145.0,155.0,172.0,105.0
30,전통시장,2130260,신대방1동골목상권,998,629,369,139,144,100,78,168,156,213,,6.0,228,229,479,56.0,583,403,6.0,195.0,157.0,196.0,264.0,168.0
31,전통시장,2130248,영등포역지하도상점가,399811,270866,128945,51145,51240,51176,50064,67241,66858,62087,6744.0,51559.0,83683,74300,126909,56616.0,221683,178128,5889.0,127810.0,109721.0,64785.0,57889.0,33717.0
32,전통시장,2130235,대명여울빛거리시장(대명시장),5562,4246,1316,766,860,935,754,931,853,463,,216.0,1251,1149,2487,459.0,2270,3223,84.0,1211.0,1268.0,1153.0,1259.0,518.0
33,전통시장,2130232,독산동 맛나는거리상점가(독산동 맛나는거리),281,184,97,31,24,62,24,43,61,36,,,24,48,167,42.0,140,141,,36.0,63.0,67.0,67.0,48.0
34,전통시장,2130227,고척골목시장상점가(그라운드 고척),1377,740,637,159,193,10,131,247,275,362,,,179,217,768,213.0,818,510,10.0,252.0,239.0,340.0,331.0,156.0
35,전통시장,2130225,개봉중앙시장,25116,16766,8350,3010,3256,3336,3407,3757,4015,4335,1247.0,2113.0,5525,4269,8707,3255.0,14488,10628,711.0,4815.0,6287.0,7147.0,4205.0,1951.0
36,전통시장,2130219,까치산시장,12849,9552,3297,1517,1848,1944,2019,2224,1733,1564,5.0,342.0,3084,2211,6111,1096.0,7001,5759,292.0,4155.0,3828.0,2308.0,1573.0,606.0
37,전통시장,2130217,화곡본동시장,6078,4474,1604,372,800,1083,1091,1128,1387,217,,10.0,857,976,3687,548.0,3148,2871,78.0,1720.0,1568.0,1261.0,977.0,415.0
38,전통시장,2130214,송화벽화시장(송화골목시장),10540,7727,2813,1445,1459,1540,1382,1901,1526,1287,,246.0,3012,2470,4375,437.0,4975,5565,1012.0,2082.0,1311.0,2963.0,2700.0,472.0
39,전통시장,2130205,신곡종합시장(신월6동 골목시장),1245,974,271,135,244,126,216,253,54,217,,117.0,370,488,270,,660,585,,37.0,237.0,431.0,293.0,247.0
40,전통시장,2130204,경창시장,1184,702,482,194,143,89,94,182,227,255,,,111,177,829,67.0,623,550,6.0,73.0,228.0,394.0,283.0,189.0
41,전통시장,2130195,도화동 상점가,18196,13934,4262,2584,2667,2503,3330,2850,2002,2260,,328.0,6675,3392,7189,612.0,9589,6996,375.0,3234.0,4380.0,3806.0,3332.0,1457.0
42,전통시장,2130191,홍대 걷고싶은 거리,6749,3998,2751,637,808,710,747,1096,1440,1311,,,1047,1126,3811,765.0,3414,3329,354.0,3534.0,1305.0,759.0,699.0,92.0
43,전통시장,2130183,상암동상점가,63221,47640,15581,8805,9513,9992,9286,10044,7862,7719,330.0,4355.0,20891,11088,20212,6345.0,36300,22511,1380.0,11899.0,15724.0,16339.0,9565.0,3906.0
44,전통시장,2130179,"이화여대 3,5,7길 상점가",39733,32091,7642,5731,6688,7158,6524,5990,3985,3657,,3770.0,13082,7101,14774,1006.0,6327,32777,2259.0,25210.0,4655.0,2308.0,3948.0,724.0
45,전통시장,2130178,이대 앞 스타트업 상점가,1538,1357,181,197,240,326,295,299,112,69,,21.0,395,716,406,,177,1361,124.0,991.0,187.0,156.0,43.0,37.0
46,전통시장,2130170,제일시장,26480,19013,7467,555,3703,5557,3827,5371,3826,3641,,10801.0,6358,6729,2592,,21579,3975,,7713.0,2544.0,11871.0,2745.0,682.0
47,전통시장,2130167,연신내상점가(연빛거리),3388,2098,1290,391,377,411,351,568,753,537,808.0,5.0,150,366,1096,963.0,1878,1504,118.0,1509.0,1063.0,301.0,358.0,32.0
48,전통시장,2130147,쌍문역동측상점가,7683,5197,2486,836,1059,876,978,1448,1121,1365,,40.0,1284,1448,3606,1305.0,3952,3629,,1648.0,1339.0,1853.0,1400.0,1342.0
49,전통시장,2130146,쌍문시장(쌍문역골목시장),5924,3686,2238,540,613,820,793,920,1098,1140,,94.0,1026,1000,2938,866.0,2858,2973,115.0,1088.0,1047.0,1374.0,1436.0,770.0
50,전통시장,2130145,쌍문역둘리상점가,14566,10004,4562,1884,1887,1935,1937,2361,2312,2250,,566.0,3522,2760,5252,2466.0,8831,5735,310.0,2986.0,3932.0,3660.0,2546.0,1132.0
51,전통시장,2130144,백운시장,3596,2422,1174,416,373,555,513,565,577,597,,,373,683,2230,310.0,2115,1438,65.0,413.0,544.0,650.0,1001.0,880.0
52,전통시장,2130135,수유중앙골목시장(수유중앙시장),736,435,301,94,71,71,93,106,129,172,,,65,100,365,135.0,383,282,,53.0,159.0,160.0,182.0,111.0
53,전통시장,2130134,"솔샘시장(미아6,7동골목시장)",21396,14836,6560,2952,2743,2743,2823,3575,3128,3432,,304.0,5982,5213,8806,1091.0,11610,9432,1000.0,3828.0,4652.0,6105.0,3828.0,1629.0
54,전통시장,2130132,삼양골목시장(삼양시장),590,331,259,49,64,80,74,64,138,121,,,74,91,308,117.0,358,232,5.0,38.0,87.0,135.0,205.0,120.0
55,전통시장,2130129,장미원골목시장,1227,743,484,171,143,143,156,130,236,248,,,156,182,629,117.0,627,457,13.0,169.0,248.0,210.0,275.0,169.0
56,전통시장,2130118,정릉골 골목형상점가,3237,2235,1002,438,431,438,475,453,510,492,,4.0,488,566,1588,153.0,1600,1199,111.0,692.0,600.0,601.0,583.0,212.0
57,전통시장,2130117,정릉시장,1507,1082,425,182,146,235,177,342,219,206,42.0,,179,206,888,192.0,676,743,,125.0,147.0,204.0,579.0,366.0
58,전통시장,2130115,우림골목시장,22153,15171,6982,3010,3019,3046,2888,3208,3446,3536,,1701.0,5915,4712,7032,2793.0,12304,9849,776.0,3981.0,5472.0,5635.0,3490.0,2799.0
59,전통시장,2130112,사가정시장,2254,1434,820,238,244,327,310,315,353,467,,,233,354,1236,431.0,1215,1039,82.0,582.0,455.0,358.0,530.0,247.0
60,전통시장,2130100,답십리시장,3967,2615,1352,667,363,604,539,442,587,765,,8.0,636,675,2269,379.0,2235,1732,138.0,864.0,649.0,1026.0,814.0,476.0
61,전통시장,2130099,전농로터리시장,12278,7682,4596,1270,907,1209,1997,2299,1451,3145,,60.0,2298,2178,6351,1391.0,6689,4984,,973.0,1524.0,1884.0,4435.0,2857.0
62,전통시장,2130072,성동용답상가시장,34687,23996,10691,4304,4644,5029,4743,5276,5273,5418,2811.0,2242.0,7198,5793,10719,5924.0,19139,15203,716.0,11093.0,8296.0,5810.0,5457.0,2969.0
63,전통시장,2130070,뚝섬역상점가,2286,1506,780,256,338,307,251,354,374,406,,,398,427,1240,221.0,1190,968,79.0,567.0,499.0,352.0,406.0,255.0
64,전통시장,2130069,"한양대앞상점가(한양시장, 왕십리맛골목)",11492,8837,2655,1653,1916,1624,1912,1732,1362,1293,,273.0,3127,2087,5115,890.0,6464,4655,939.0,7451.0,1279.0,613.0,656.0,180.0
65,전통시장,2130061,이태원시장,68568,45787,22781,8461,8383,8660,9253,11030,11886,10895,9642.0,6115.0,15485,10749,17110,9467.0,40449,26218,1335.0,21624.0,20867.0,11177.0,7203.0,4464.0
66,전통시장,2130060,신흥시장,5339,3666,1673,1016,637,697,439,877,777,896,,,797,1056,2689,797.0,3794,1366,20.0,1065.0,2070.0,843.0,761.0,401.0
67,전통시장,2130058,이촌종합시장,4854,2679,2175,462,112,673,603,829,1094,1081,,,1445,1151,2062,196.0,1992,2498,126.0,701.0,870.0,1095.0,983.0,715.0
68,전통시장,2130056,용산용문시장,2150,1348,802,292,151,261,261,383,368,434,,4.0,166,356,1327,36.0,1014,848,49.0,351.0,398.0,294.0,475.0,295.0
69,전통시장,2130053,백학시장,5247,3458,1789,817,449,586,776,830,928,861,,,382,1008,3244,613.0,3189,2058,14.0,981.0,1240.0,845.0,1417.0,750.0
70,전통시장,2130051,동화동 골목형상점가,546,363,183,60,76,68,68,91,99,84,,,40,88,298,52.0,249,222,8.0,76.0,40.0,129.0,170.0,48.0
71,전통시장,2130042,약수시장,1547,1063,484,193,192,205,193,280,247,237,,,150,214,947,236.0,843,627,,237.0,206.0,357.0,390.0,281.0
72,전통시장,2130038,"평화시장(통일상가, 동화상가)",18102,13657,4445,2420,2605,3100,2494,3038,2285,2160,,247.0,7459,4198,6198,,8922,8734,424.0,6623.0,5323.0,3170.0,1556.0,559.0
73,전통시장,2130035,방산종합시장(방산시장),1855,1501,354,251,257,299,351,343,177,177,,515.0,545,324,294,,1041,416,6.0,203.0,367.0,287.0,361.0,232.0
74,전통시장,2130002,세종마을음식문화거리(금천교시장),25933,20303,5630,3568,4129,3965,4342,4299,3075,2555,,2661.0,9262,4978,8690,342.0,10575,14243,1297.0,8100.0,6220.0,4291.0,3630.0,1280.0
75,발달상권,2120249,고덕역,54740,39533,15207,7536,7644,8256,7877,8220,8472,6735,,3829.0,16639,11783,21215,1274.0,24103,29573,3059.0,9367.0,10686.0,16746.0,10328.0,3485.0
76,발달상권,2120248,명일역,115394,82575,32819,15764,15626,16413,16357,18415,16983,15836,12.0,5516.0,32230,23156,40841,13639.0,60063,55331,2407.0,21516.0,28381.0,33515.0,20386.0,9189.0
77,발달상권,2120246,길동역,191005,134506,56499,25806,25044,26355,27316,29985,29677,26822,24130.0,19844.0,45726,28027,45879,27399.0,123650,67355,2263.0,42770.0,55988.0,42393.0,27358.0,20233.0
78,발달상권,2120245,둔촌역,157728,106171,51557,20377,20678,20279,20242,24595,25617,25940,8817.0,26474.0,37234,24184,39189,21830.0,98542,58054,2629.0,31608.0,48471.0,39903.0,23147.0,10839.0
79,발달상권,2120244,암사역,14444,10321,4123,2059,1977,1981,2061,2243,1775,2348,15.0,199.0,3132,2656,6837,1605.0,7575,6799,426.0,3150.0,3662.0,2924.0,2758.0,1453.0
80,발달상권,2120243,천호역,74583,53208,21375,10419,10703,9844,10492,11750,11501,9874,8.0,3924.0,19475,14926,27331,8919.0,43919,30517,920.0,20097.0,22557.0,16163.0,9370.0,5329.0
81,발달상권,2120242,강동구청역,15341,11011,4330,1991,2098,2155,2114,2653,2065,2265,,531.0,4999,3615,5184,1012.0,8409,6724,423.0,3300.0,4366.0,3372.0,2404.0,1268.0
82,발달상권,2120241,거여역,45049,33459,11590,6573,6493,5809,6409,8175,6459,5131,,1924.0,12927,9925,16689,3584.0,24075,20051,942.0,8474.0,10675.0,12001.0,8317.0,3719.0
83,발달상권,2120240,개롱역,11093,8342,2751,1664,1540,1500,1719,1919,1360,1391,,19.0,3537,2634,4570,333.0,6314,4455,593.0,1909.0,2688.0,2724.0,1954.0,904.0
84,발달상권,2120238,방이역,9837,6939,2898,1304,1432,1423,1376,1404,1555,1343,,183.0,2520,1732,4955,447.0,5382,4441,705.0,2364.0,1606.0,2637.0,1841.0,669.0
85,발달상권,2120237,경찰병원역,5048,2986,2062,408,645,568,635,730,1016,1046,,15.0,997,962,2459,615.0,2788,1897,66.0,666.0,1098.0,772.0,1223.0,859.0
86,발달상권,2120236,장지역(가든파이브),32568,23245,9323,4492,4364,4360,4389,5640,5027,4296,,254.0,13084,8737,10437,56.0,17383,13132,172.0,4801.0,10346.0,8574.0,4275.0,2349.0
87,발달상권,2120235,문정역,10001,9308,693,1492,1878,2039,1999,1900,483,210,,515.0,5934,1107,2340,105.0,3928,3730,8.0,1882.0,2813.0,1470.0,973.0,515.0
88,발달상권,2120233,몽촌토성역,22644,15622,7022,3069,3083,3058,2920,3492,3699,3323,,1354.0,6995,4038,7686,2571.0,13409,9235,459.0,6029.0,7056.0,4948.0,2772.0,1380.0
89,발달상권,2120230,송파사거리(송파역),24987,17501,7486,3530,3362,3727,3418,3464,3801,3685,,5467.0,5474,4437,7688,1921.0,12151,11740,1030.0,4865.0,6380.0,6086.0,4114.0,1421.0
90,발달상권,2120229,방이동먹자골목,25047,17938,7109,3478,3384,3633,3556,3887,3863,3246,,946.0,8419,4713,8200,2769.0,15393,8681,425.0,6746.0,7705.0,4713.0,3117.0,1367.0
91,발달상권,2120228,석촌역(석촌호수),39642,28215,11427,5233,5378,5685,5602,6317,6195,5232,1762.0,2233.0,10266,6207,14897,4277.0,22921,16046,772.0,9617.0,12462.0,7736.0,5882.0,2499.0
92,발달상권,2120227,잠실역,568045,388222,179823,78463,71129,75981,73041,89608,91851,87972,11.0,51942.0,161404,140255,187767,26666.0,256750,304690,29834.0,141798.0,137596.0,149947.0,61881.0,40387.0
93,발달상권,2120226,석촌고분역,1759,1122,637,210,211,106,342,253,295,342,,5.0,321,331,1007,95.0,954,674,5.0,179.0,379.0,353.0,458.0,253.0
94,발달상권,2120225,잠실새내역(신천),158502,113914,44588,20583,21806,22364,22856,26305,24804,19784,10765.0,21137.0,39999,29909,40390,16302.0,80077,75066,4801.0,36783.0,37851.0,40804.0,23046.0,11858.0
95,발달상권,2120224,수서역,88769,67758,21011,12731,12290,13517,13484,15736,10707,10304,,9138.0,30540,15982,29057,4052.0,52551,30539,1056.0,16350.0,23884.0,21426.0,11093.0,9278.0
96,발달상권,2120222,삼성역,15472,11375,4097,2118,2205,2173,2364,2515,2100,1997,,99.0,6844,2379,5316,834.0,6611,6562,170.0,3668.0,4416.0,2602.0,1725.0,594.0
97,발달상권,2120220,대치역,58348,40251,18097,7475,7368,7788,8344,9276,9684,8413,,2638.0,17497,12392,21059,4762.0,29381,28181,5834.0,7838.0,6871.0,18130.0,14414.0,4475.0
98,발달상권,2120219,은마아파트,171557,104074,67483,17839,20096,21377,21792,22970,35347,32136,15.0,2454.0,48631,34718,66634,19105.0,83977,86443,21465.0,17459.0,12858.0,64097.0,48524.0,6019.0
99,발달상권,2120218,코엑스,168756,122037,46719,21608,22092,23658,25563,29116,23905,22814,,27675.0,51991,36475,46404,6211.0,81499,77322,3213.0,48681.0,51662.0,31486.0,15681.0,8101.0
100,발달상권,2120217,대치사거리,14084,9877,4207,1684,1737,2014,2173,2269,2535,1672,,885.0,5262,2685,4911,341.0,6776,6456,1556.0,2131.0,1374.0,4325.0,3378.0,468.0
101,발달상권,2120215,포스코사거리,72119,58664,13455,10579,11597,11923,12130,12435,7700,5755,3538.0,14501.0,25882,8399,13213,6586.0,37602,28211,1005.0,18738.0,25708.0,12487.0,5699.0,2175.0
102,발달상권,2120213,삼성중앙역,2071,1609,462,347,293,310,244,415,229,233,,107.0,950,253,617,144.0,905,875,19.0,344.0,318.0,469.0,462.0,168.0
103,발달상권,2120212,한티역,20114,14866,5248,2554,2974,3208,3139,2991,3208,2040,,2188.0,6389,3826,7435,276.0,7217,11781,1174.0,3380.0,3220.0,6549.0,3760.0,915.0
104,발달상권,2120211,도성초등학교,20335,16414,3921,2953,3792,3288,3223,3158,1945,1976,,1318.0,9460,2746,6538,273.0,6968,9671,580.0,3166.0,4446.0,4162.0,3057.0,1230.0
105,발달상권,2120210,선릉역,39796,33605,6191,5801,6824,6805,7097,7078,3915,2276,12.0,4860.0,16309,5384,11523,1708.0,18407,17013,1080.0,10404.0,11859.0,6210.0,3775.0,2090.0
106,발달상권,2120208,청담사거리(청담동명품거리),1329,1077,252,246,173,235,205,218,126,126,,44.0,613,164,245,137.0,367,731,6.0,342.0,397.0,195.0,98.0,61.0
107,발달상권,2120207,선정릉역,3497,2828,669,436,501,563,703,625,471,198,,16.0,1139,452,1645,245.0,1235,1159,19.0,491.0,689.0,538.0,425.0,234.0
108,발달상권,2120206,개나리아파트,3139,2235,904,317,409,457,717,335,401,503,,9.0,847,643,1389,251.0,1379,922,9.0,326.0,671.0,513.0,437.0,344.0
109,발달상권,2120205,매봉역,2828,2206,622,391,444,490,456,425,384,238,,235.0,1168,406,965,54.0,1181,1273,66.0,676.0,548.0,492.0,420.0,253.0
110,발달상권,2120204,르네상스호텔사거리,36175,30284,5891,5226,6093,6471,6096,6398,3159,2732,2307.0,4008.0,14470,4907,7242,3241.0,20349,12513,451.0,7676.0,10709.0,5770.0,5089.0,3165.0
111,발달상권,2120203,강남구청역,13952,11590,2362,1941,2236,2550,2369,2494,1292,1070,21.0,414.0,6790,2457,4078,192.0,5679,6214,144.0,2812.0,3437.0,2841.0,1769.0,889.0
112,발달상권,2120201,도곡1동,3224,2294,930,403,374,394,478,645,403,527,,,686,574,1694,270.0,1496,1193,9.0,298.0,454.0,635.0,755.0,540.0
113,발달상권,2120200,학동사거리,49592,35090,14502,5767,6880,6525,7107,8811,8281,6221,5531.0,5367.0,14795,7601,10330,5968.0,29642,16726,638.0,11469.0,13488.0,8898.0,7513.0,4361.0
114,발달상권,2120198,구역삼세무서,30530,21738,8792,2239,4747,5087,4685,4980,4129,4663,,30.0,5510,4435,16891,3664.0,16000,9930,556.0,7857.0,8315.0,4164.0,3776.0,1259.0
115,발달상권,2120197,역삼역,62443,55092,7351,9331,11225,11506,12005,11025,4114,3237,,2639.0,31980,6900,18486,2438.0,29771,23737,346.0,17083.0,20085.0,8642.0,4820.0,2526.0
116,발달상권,2120196,서울세관,4862,4628,234,789,1076,996,952,815,117,117,,1871.0,1837,326,711,,2125,1871,7.0,1062.0,1088.0,640.0,293.0,906.0
117,발달상권,2120194,언주역(차병원),44342,38391,5951,6431,8224,7815,7604,8317,3401,2550,206.0,2125.0,21381,5485,12728,2417.0,20903,15884,209.0,11054.0,12966.0,6478.0,4028.0,2054.0
118,발달상권,2120193,도산공원교차로,1630,1434,196,225,292,349,277,291,154,42,314.0,,546,52,333,385.0,832,585,8.0,334.0,501.0,237.0,166.0,170.0
119,발달상권,2120192,뱅뱅사거리,66009,53745,12264,10000,10879,10967,10949,10950,6699,5565,2902.0,11270.0,22908,7563,16993,4373.0,30600,27648,1091.0,16942.0,20105.0,9612.0,7219.0,3279.0
120,발달상권,2120191,학동역,24941,20688,4253,3125,4137,4633,4267,4526,2351,1902,194.0,898.0,9745,3690,6576,3838.0,12930,9409,246.0,6495.0,7807.0,4018.0,2427.0,1349.0
121,발달상권,2120190,강남을지병원,10663,8875,1788,1515,1842,1734,1756,2028,894,894,26.0,572.0,6278,1595,1298,,5395,3386,174.0,1546.0,1577.0,998.0,861.0,3624.0
122,발달상권,2120189,강남역,397831,314726,83105,54875,60860,64336,65642,69013,48425,34680,4748.0,31553.0,149943,64032,118924,28631.0,200023,173465,10105.0,144296.0,104230.0,52698.0,46695.0,15457.0
123,발달상권,2120188,압구정역,36458,28591,7867,4749,5475,5657,5873,6837,4045,3822,,2948.0,14703,7021,11165,621.0,12467,21119,1372.0,8529.0,7771.0,6387.0,5520.0,4005.0
124,발달상권,2120187,신논현역,51983,39870,12113,6353,8283,8111,8367,8756,6396,5717,156.0,2178.0,19068,9471,18280,2830.0,27566,20480,548.0,14112.0,15802.0,8399.0,5591.0,3593.0
125,발달상권,2120186,가로수길,33577,23109,10468,3397,4819,4222,4478,6193,5383,5085,,,13845,6631,12787,314.0,15068,14407,422.0,13024.0,8436.0,3897.0,2672.0,1024.0
126,발달상권,2120185,논현역,43277,33832,9445,6190,7259,6135,6758,7490,5045,4400,1997.0,4218.0,12690,6102,13859,4411.0,18175,21588,1165.0,12811.0,12020.0,6365.0,4868.0,2534.0
127,발달상권,2120184,포이사거리(삼호물산),39845,31283,8562,3214,6144,7265,6245,8415,4142,4420,11.0,431.0,19372,4918,14363,750.0,14522,11975,271.0,5387.0,6397.0,5731.0,5117.0,3593.0
128,발달상권,2120183,양재천카페거리,2979,2748,231,460,581,729,599,379,64,167,,871.0,1014,487,525,82.0,1818,844,,372.0,538.0,510.0,768.0,473.0
129,발달상권,2120180,양재화물트럭터미널앞,3595,3377,218,591,743,776,672,595,213,5,,771.0,1813,809,202,,2154,510,,159.0,532.0,750.0,542.0,680.0
130,발달상권,2120179,양재역,70153,55544,14609,9742,10815,11165,11417,12405,8078,6531,25.0,13932.0,21479,10611,19151,4955.0,37522,28569,867.0,17021.0,20280.0,13383.0,8404.0,6135.0
131,발달상권,2120178,신사역,35498,28871,6627,5674,5859,5817,5806,5715,3903,2724,,3187.0,12405,6820,11969,1117.0,12140,19239,1141.0,12597.0,8569.0,4331.0,3809.0,932.0
132,발달상권,2120176,논현역 4번,1820,1172,648,212,224,234,212,290,223,425,,,313,257,950,300.0,1005,614,33.0,146.0,246.0,603.0,469.0,122.0
133,발달상권,2120175,남부터미널역,78976,57926,21050,10325,10681,10821,11687,14412,10878,10172,182.0,4599.0,23075,14785,26785,9550.0,43756,32291,2557.0,21082.0,20009.0,14519.0,11327.0,6556.0
134,발달상권,2120173,교대역(법원.검찰청),94527,74522,20005,12969,15405,14684,15418,16046,10430,9575,,13197.0,33820,13734,26693,7083.0,44596,36166,1809.0,19797.0,23495.0,16133.0,12470.0,7058.0
135,발달상권,2120172,교대입구교차로,20600,18209,2391,3305,4003,3624,3540,3737,1694,697,,4709.0,9434,2656,3676,125.0,8515,8155,361.0,5329.0,3166.0,3805.0,2860.0,1153.0
136,발달상권,2120171,서초3동사거리,2004,1021,983,20,186,270,280,265,477,506,,,497,354,1108,45.0,790,1085,25.0,639.0,722.0,216.0,202.0,73.0
137,발달상권,2120170,삼호가든사거리,2066,1507,559,232,205,349,193,528,308,251,,7.0,521,361,1105,72.0,1028,980,7.0,81.0,332.0,744.0,556.0,290.0
138,발달상권,2120169,서초역,18112,13237,4875,2116,2788,2801,2541,2991,1756,3119,,2800.0,8259,2564,4489,,7379,8158,393.0,3259.0,4686.0,3468.0,2749.0,981.0
139,발달상권,2120167,고속터미널(고속터미널역),74940,53295,21645,10427,8461,10452,9916,14039,11243,10402,,9457.0,21734,19195,24477,77.0,38425,34780,1096.0,21639.0,17803.0,13229.0,12497.0,6941.0
140,발달상권,2120166,방배역,95358,74271,21087,12974,14569,15353,15673,15702,12950,8137,3838.0,15179.0,27595,15681,25180,7885.0,45778,45623,3768.0,22679.0,22943.0,20311.0,14847.0,6854.0
141,발달상권,2120165,서래마을카페거리(서래마을),3845,2704,1141,453,437,469,516,829,532,609,,,1891,657,1297,,1641,1547,,594.0,844.0,829.0,547.0,375.0
142,발달상권,2120164,내방역,6513,5287,1226,1039,1035,946,1033,1234,669,557,,304.0,2959,1129,1919,202.0,2373,3401,,1062.0,1278.0,1039.0,1156.0,1238.0
143,발달상권,2120162,방배동카페골목,27368,20292,7076,3781,3986,4085,3947,4493,3698,3378,,1490.0,10172,5062,9220,1424.0,15158,10891,436.0,3852.0,5459.0,8826.0,4610.0,2865.0
144,발달상권,2120160,사당역(사당),5597,4374,1223,779,924,911,913,847,605,618,6.0,20.0,1366,1110,2788,307.0,3026,2469,226.0,2480.0,1400.0,525.0,607.0,260.0
145,발달상권,2120159,서울대입구역,64367,49103,15264,8858,10284,9482,9803,10676,7843,7421,433.0,2236.0,13309,9922,25966,12501.0,36267,26393,2141.0,24859.0,18052.0,7837.0,6804.0,2965.0
146,발달상권,2120158,녹두거리(대학동),59744,42069,17675,7530,8354,8275,8426,9484,8874,8801,687.0,2693.0,13723,9921,23436,9284.0,39009,20372,852.0,17278.0,17120.0,10179.0,9232.0,4725.0
147,발달상권,2120157,신림역(신림),192626,134830,57796,26261,25828,26063,26989,29689,28485,29311,13483.0,19822.0,35937,29073,61257,33054.0,117592,75034,3943.0,72593.0,61594.0,27326.0,19307.0,7863.0
148,발달상권,2120156,"총신대입구역(이수, 총신대)",29887,21034,8853,2948,4129,4967,4442,4548,5553,3300,5.0,2538.0,9914,5500,11668,262.0,12423,16662,519.0,9359.0,7998.0,4996.0,4180.0,2036.0
149,발달상권,2120154,장승배기역,2046,1662,384,365,319,278,349,351,192,192,,,533,509,812,,799,1055,32.0,685.0,630.0,201.0,209.0,97.0
150,발달상권,2120153,노량진역(노량진),216807,156428,60379,29807,29420,31095,31442,34664,32473,27906,9471.0,25659.0,59825,28313,65717,27822.0,125334,91309,4060.0,90079.0,54676.0,22634.0,33898.0,11294.0
151,발달상권,2120152,신대방삼거리역,10947,7708,3239,1499,1300,1400,1542,1967,1641,1598,,,1442,1626,6196,1683.0,6497,4450,326.0,3611.0,2815.0,1564.0,2062.0,569.0
152,발달상권,2120151,보라매공원,56336,43072,13264,8121,8494,8325,8909,9223,6637,6627,28.0,4290.0,18426,7901,16127,9564.0,29048,25876,355.0,15636.0,19287.0,10444.0,6002.0,3197.0
153,발달상권,2120149,여의도역(여의도),50145,42169,7976,7331,8394,8598,8945,8901,4359,3617,,2658.0,22038,6718,16891,1840.0,22779,18391,570.0,10775.0,13807.0,8438.0,5068.0,2510.0
154,발달상권,2120148,국회의사당역(국회의사당),121312,101505,19807,18039,19886,19755,20731,23094,9161,10646,524.0,11563.0,56275,14427,33541,4982.0,62761,44870,669.0,29642.0,38423.0,22032.0,12993.0,3877.0
155,발달상권,2120147,보라매역,3511,2731,780,570,543,419,438,761,437,343,,20.0,1018,551,1712,210.0,1875,1323,29.0,467.0,694.0,790.0,741.0,476.0
156,발달상권,2120146,한강성심병원,652,435,217,58,83,89,89,116,109,108,,,77,102,370,103.0,353,237,26.0,166.0,109.0,83.0,173.0,31.0
157,발달상권,2120145,영등포역(영등포),112703,75126,37577,14207,13535,14620,15000,17764,19906,17671,2748.0,8503.0,27643,21342,36586,15881.0,58776,51273,1921.0,37012.0,35598.0,19067.0,11451.0,4998.0
158,발달상권,2120144,영중로,1416,895,521,93,129,237,207,229,314,207,71.0,7.0,251,179,651,257.0,708,537,,165.0,308.0,343.0,308.0,121.0
159,발달상권,2120143,당산역,17186,13052,4134,2308,2697,2950,2518,2579,2455,1679,,3960.0,4656,2914,5629,27.0,7244,9094,189.0,4764.0,5729.0,2247.0,2372.0,1038.0
160,발달상권,2120142,대림역,18442,13637,4805,2643,2595,2506,2777,3116,2472,2333,,743.0,5415,4545,6757,982.0,8636,9753,479.0,4071.0,4532.0,4169.0,3155.0,1982.0
161,발달상권,2120141,영등포청과시장교차로,2505,1687,818,307,231,379,264,506,407,411,45.0,,487,507,1195,271.0,1324,984,,219.0,429.0,357.0,608.0,695.0
162,발달상권,2120140,문래동주민센터,9881,7862,2019,1203,1515,1262,1631,2251,1145,874,,19.0,6969,796,2097,,2776,6037,38.0,1824.0,3338.0,1941.0,1301.0,369.0
163,발달상권,2120139,대림3동사거리,2220,1455,765,285,291,271,291,317,338,427,,,304,379,1246,291.0,1316,904,35.0,407.0,495.0,543.0,550.0,190.0
164,발달상권,2120138,당산2동(영등포우체국),6982,6210,772,931,1363,1262,1293,1361,335,437,5.0,1826.0,1930,884,2081,256.0,1851,4229,15.0,1725.0,1571.0,1166.0,1045.0,559.0
165,발달상권,2120136,영등포구청역,14413,10407,4006,1780,2137,2182,2175,2133,1983,2023,6.0,2914.0,3853,2243,4720,677.0,7062,6716,86.0,3640.0,4474.0,2464.0,2197.0,921.0
166,발달상권,2120134,구로전화국,8016,5150,2866,678,1151,988,838,1495,1332,1534,,,1019,1062,4676,1259.0,4710,3289,37.0,1989.0,2240.0,1356.0,1557.0,820.0
167,발달상권,2120133,서울시흥동우체국(홈플러스시흥점),5290,4028,1262,558,736,1038,825,871,659,603,,139.0,1534,1195,2294,128.0,2389,2668,335.0,1010.0,1177.0,1222.0,932.0,380.0
168,발달상권,2120132,독산동,12436,9012,3424,1701,1771,1232,2071,2237,1824,1600,6.0,50.0,3570,1788,5513,1509.0,6355,5341,125.0,3364.0,3836.0,1866.0,1830.0,677.0
169,발달상권,2120131,가산디지털단지,228998,184959,44039,32019,36760,37697,37650,40833,23017,21022,9.0,26677.0,94540,35887,66041,5844.0,115148,98793,1176.0,65436.0,78894.0,39359.0,21872.0,7205.0
170,발달상권,2120130,구로디지털단지역,98238,67006,31232,11421,13033,13101,13913,15538,16438,14794,12861.0,7402.0,15818,13748,30389,18020.0,55547,42439,1425.0,33577.0,28201.0,11708.0,12648.0,10424.0
171,발달상권,2120129,구로디지털단지,142011,120118,21893,20719,24230,23759,24649,26761,11602,10291,3872.0,24282.0,55108,14856,32734,11159.0,74051,59348,835.0,44721.0,52136.0,22135.0,10511.0,3063.0
172,발달상권,2120128,신도림역,46832,33712,13120,6668,6106,6935,6440,7563,6905,6215,,4446.0,14933,10348,15687,1418.0,27300,19532,382.0,10530.0,16130.0,9415.0,5680.0,4695.0
173,발달상권,2120127,구로구청,1699,1168,531,200,228,227,199,314,198,333,,,369,285,789,256.0,793,831,9.0,190.0,220.0,401.0,553.0,249.0
174,발달상권,2120124,개봉동 현대아파트,3515,2388,1127,445,294,622,497,530,558,569,34.0,42.0,597,612,1864,366.0,1782,1733,52.0,518.0,784.0,1024.0,799.0,338.0
175,발달상권,2120123,오류동역,4651,3145,1506,511,672,618,538,806,780,726,,,753,645,2823,430.0,2669,1766,,461.0,765.0,1061.0,1602.0,547.0
176,발달상권,2120122,강서구청,15747,10635,5112,1897,2048,1917,2026,2747,2362,2750,,164.0,3453,3016,7947,1167.0,8898,6131,103.0,3114.0,3989.0,3366.0,3140.0,1320.0
177,발달상권,2120121,까치산역,4903,3140,1763,751,497,549,554,789,889,874,,,724,1190,2421,568.0,2243,2558,25.0,876.0,1212.0,947.0,1123.0,619.0
178,발달상권,2120120,화곡역,16406,12492,3914,2400,2450,2717,2253,2672,2015,1899,,1647.0,4601,2385,6697,1076.0,6145,10261,313.0,6531.0,5128.0,2087.0,1762.0,585.0
179,발달상권,2120119,발산역(마곡),1699,1240,459,210,140,154,230,506,174,285,,,389,209,933,168.0,932,452,14.0,264.0,396.0,244.0,340.0,126.0
180,발달상권,2120116,송정역,35358,25688,9670,4686,5258,5016,5149,5579,4934,4736,673.0,2943.0,8161,6307,11934,5340.0,21884,13384,675.0,8523.0,10722.0,6704.0,4744.0,3901.0
181,발달상권,2120114,목동신시가지,134026,92701,41325,17159,17432,18283,18804,21023,21029,20296,40.0,24162.0,33227,24553,34353,17691.0,69662,61976,6720.0,18581.0,26692.0,44695.0,26339.0,8606.0
182,발달상권,2120113,오목교역,19756,14218,5538,2208,2740,2763,3095,3412,2905,2633,,1122.0,6194,4407,7128,905.0,8949,10393,943.0,4604.0,3595.0,5325.0,3727.0,1148.0
183,발달상권,2120112,등촌역,23464,16658,6806,2735,3478,3318,3284,3843,3597,3209,,583.0,6968,5593,9780,540.0,10725,12491,544.0,4972.0,7228.0,5157.0,3934.0,1380.0
184,발달상권,2120111,목동사거리,26124,18345,7779,3083,3647,3711,3589,4315,3994,3785,,309.0,5347,4558,9722,6188.0,14968,11044,575.0,6126.0,6449.0,6135.0,4865.0,1860.0
185,발달상권,2120110,목동역 8번출구,52634,38301,14333,7135,7365,7366,8141,8294,7596,6737,,3535.0,14191,9042,20922,4944.0,26490,25992,2636.0,11173.0,11116.0,14176.0,9979.0,3402.0
186,발달상권,2120109,서울남부지방법원,8340,6280,2060,1334,1059,1085,1267,1535,1661,399,32.0,1190.0,2246,1036,3571,265.0,4248,3905,298.0,1022.0,1694.0,2375.0,2201.0,562.0
187,발달상권,2120108,신정네거리역,108961,76523,32438,14660,14125,14970,15206,17562,16968,15470,5594.0,6903.0,22376,17074,34970,22044.0,64631,44142,2252.0,24517.0,26611.0,27998.0,19456.0,7937.0
188,발달상권,2120107,공덕역(공덕오거리),6199,5214,985,842,1058,1022,1227,1065,555,430,,617.0,2894,1127,1561,,2456,2908,70.0,939.0,1449.0,1323.0,822.0,753.0
189,발달상권,2120105,상수역(홍대),1528,1055,473,158,199,181,211,306,248,225,,,409,302,759,58.0,619,851,54.0,798.0,368.0,99.0,119.0,31.0
190,발달상권,2120104,연남동(홍대),33893,24495,9398,4625,4682,4720,4929,5539,5213,4185,320.0,2055.0,8188,5095,13386,4849.0,13759,17415,772.0,13074.0,9451.0,3849.0,3150.0,874.0
191,발달상권,2120103,홍대입구역(홍대),102972,73040,29932,13164,14424,14276,14928,16248,15717,14215,5547.0,4956.0,27380,19043,34852,11194.0,47423,53448,5956.0,51454.0,18483.0,11600.0,10889.0,2488.0
192,발달상권,2120102,서교동(홍대),1880,1394,486,311,215,207,315,346,292,194,,127.0,424,742,463,124.0,693,930,7.0,376.0,311.0,307.0,468.0,157.0
193,발달상권,2120101,합정역,25869,15532,10337,1828,2665,3344,3399,4296,5555,4782,24.0,20.0,5568,4854,12157,3246.0,10477,14544,497.0,10475.0,8194.0,2942.0,2232.0,679.0
194,발달상권,2120100,망원역,82186,58044,24142,11192,11471,11342,11157,12882,12547,11595,7765.0,12500.0,17938,11295,20111,12577.0,41005,38973,993.0,25367.0,25558.0,13715.0,10122.0,4223.0
195,발달상권,2120099,월드컵경기장역(월드컵경기장),24471,15295,9176,2988,2926,3937,2439,3005,4384,4792,,1067.0,6071,5796,11090,447.0,12557,10934,588.0,4589.0,6424.0,6784.0,3404.0,1701.0
196,발달상권,2120098,DMC(디지털미디어시티),150450,114177,36273,18779,23153,23149,25541,23555,20961,15312,9011.0,19565.0,49676,19730,36341,16127.0,75678,62907,3257.0,45330.0,44656.0,27407.0,13453.0,4485.0
197,발달상권,2120097,충정로역,10720,10107,613,1968,2153,2141,1976,1869,607,6,,838.0,5046,1280,3550,6.0,3597,5667,123.0,3462.0,3043.0,1031.0,1380.0,224.0
198,발달상권,2120096,"이화여대(이대역, 이대)",16190,12241,3949,2135,2464,2521,2338,2783,1917,2032,,277.0,4266,3136,7639,872.0,5525,10121,509.0,7578.0,3048.0,1981.0,1923.0,607.0
199,발달상권,2120095,홍제역,76388,55186,21202,10616,10562,10932,11006,12070,11068,10134,5209.0,11840.0,16003,12253,19922,11161.0,40178,35871,3249.0,19574.0,21155.0,14460.0,11734.0,5879.0
200,발달상권,2120094,"신촌역(신촌역, 신촌로터리)",139235,102674,36561,18627,19519,20272,20757,23499,19372,17189,2308.0,8616.0,38208,24609,47067,18427.0,73046,65053,4204.0,59856.0,29860.0,17403.0,19625.0,7152.0
201,발달상권,2120093,연희동,45970,33279,12691,5435,6727,6873,6910,7334,6167,6524,,2726.0,12222,8623,18177,4222.0,24145,19927,682.0,16663.0,9836.0,6973.0,6553.0,3364.0
202,발달상권,2120092,불광역,508,328,180,57,56,81,72,62,82,98,,,35,71,309,93.0,285,217,,40.0,56.0,130.0,203.0,74.0
203,발달상권,2120091,본서부병원,19213,13859,5354,2239,2744,2815,2797,3264,2761,2593,,949.0,5998,4340,6591,1335.0,9293,9920,943.0,4160.0,3844.0,5011.0,3429.0,1826.0
204,발달상권,2120090,연신내역,11865,8608,3257,1583,1633,1847,1750,1795,1729,1528,,314.0,2939,2733,5399,480.0,5165,6408,717.0,4060.0,2715.0,1860.0,1790.0,432.0
205,발달상권,2120089,구파발역,22243,16029,6214,2925,3390,3398,3073,3243,3413,2801,,2492.0,5905,5069,8042,735.0,10223,12020,1690.0,4695.0,4703.0,5878.0,4196.0,1081.0
206,발달상권,2120088,구산역,46388,31958,14430,5855,6087,6429,6104,7483,7502,6928,5166.0,6599.0,9149,6678,10703,8093.0,24749,21639,2284.0,11350.0,10077.0,11171.0,7625.0,3881.0
207,발달상권,2120087,응암역,28551,20640,7911,3576,4115,4139,4498,4312,3986,3925,26.0,1078.0,6343,5493,13590,2021.0,14185,14342,637.0,8052.0,7606.0,5577.0,4889.0,1766.0
208,발달상권,2120086,태릉입구역,3240,2398,842,466,486,455,502,489,421,421,,463.0,912,667,1198,,1276,1941,26.0,1155.0,918.0,562.0,403.0,154.0
209,발달상권,2120085,은행사거리,61824,42286,19538,7753,7371,8589,8465,10108,10531,9007,573.0,2321.0,14382,11909,23144,9495.0,29041,32079,6715.0,6764.0,6307.0,23216.0,15494.0,2623.0
210,발달상권,2120084,공릉역,3366,2264,1102,497,417,385,353,612,591,511,,,633,549,1846,338.0,1857,1387,27.0,644.0,670.0,765.0,855.0,285.0
211,발달상권,2120083,등나무근린공원,52673,34917,17756,5620,6833,7421,6542,8501,8836,8920,,3156.0,15520,12657,19180,2160.0,24761,27487,1562.0,9005.0,10937.0,16495.0,10612.0,3639.0
212,발달상권,2120082,상계백병원,6995,5727,1268,794,1024,1154,1355,1400,634,634,,,1991,2669,1673,28.0,3607,2696,118.0,937.0,975.0,1863.0,1641.0,769.0
213,발달상권,2120081,노원역,64925,48645,16280,8945,9616,9857,9894,10333,8665,7615,611.0,3906.0,18909,12232,25713,3554.0,27428,37246,2927.0,22910.0,15622.0,10399.0,10711.0,2109.0
214,발달상권,2120080,마들역,41770,30271,11499,5683,5811,5896,5950,6931,6748,4751,1785.0,4243.0,9146,7857,13600,5139.0,20783,20987,2218.0,8224.0,9131.0,10339.0,7880.0,3978.0
215,발달상권,2120079,창동역,1927,1225,702,294,238,141,173,379,288,414,5.0,,231,288,1008,395.0,1180,718,,217.0,407.0,320.0,670.0,283.0
216,발달상권,2120078,미아사거리역,31490,21501,9989,4168,4112,4101,4461,4659,5273,4716,,1569.0,9063,8155,11219,1484.0,16214,15031,1036.0,6252.0,7698.0,8646.0,5345.0,2268.0
217,발달상권,2120077,미아역,28416,21366,7050,3861,4090,4233,4202,4980,4008,3042,,731.0,5078,4946,12834,4827.0,15081,13180,849.0,7461.0,6844.0,5780.0,5346.0,1983.0
218,발달상권,2120076,수유역,143429,101698,41731,19641,19486,19500,20315,22756,21570,20161,11765.0,15254.0,29632,23277,41343,22158.0,73088,70312,3149.0,49308.0,37449.0,24421.0,18795.0,10279.0
219,발달상권,2120075,월곡역,27578,20066,7512,3498,4055,4256,4282,3975,3913,3599,,1584.0,9362,4804,10843,985.0,11068,15867,936.0,9646.0,5463.0,5185.0,4601.0,1101.0
220,발달상권,2120074,안암역,5202,4333,869,832,881,982,882,756,481,388,,163.0,1950,763,2326,,1979,3023,107.0,2640.0,882.0,398.0,707.0,267.0
221,발달상권,2120072,성신여대,46487,34118,12369,6545,6975,6653,6916,7029,6340,6029,6.0,2263.0,11732,9177,17043,6266.0,20072,25951,1969.0,18265.0,9905.0,7306.0,6910.0,1667.0
222,발달상권,2120070,한성대입구역,70586,51530,19056,9992,9992,10173,10287,11086,9804,9252,13.0,7772.0,18484,13036,23016,8265.0,35141,34516,3109.0,18164.0,15756.0,14303.0,11678.0,6649.0
223,발달상권,2120069,상봉역,4810,3497,1313,733,747,638,677,702,629,684,,232.0,1210,722,2514,132.0,1753,2796,27.0,1695.0,1318.0,613.0,672.0,227.0
224,발달상권,2120068,사가정역,5394,3771,1623,859,718,578,769,847,809,814,,5.0,1333,1145,2584,327.0,2666,2717,208.0,1169.0,1274.0,1190.0,1181.0,361.0
225,발달상권,2120067,장안동사거리,35479,24418,11061,4187,4914,5144,4751,5422,5465,5596,4.0,5431.0,9144,6260,10330,4310.0,18538,15830,1319.0,6824.0,9586.0,9949.0,4801.0,1885.0
226,발달상권,2120066,장한평역(장한평),3092,2177,915,502,118,482,563,512,492,423,,,325,424,2077,266.0,1738,1354,61.0,1130.0,718.0,465.0,466.0,252.0
227,발달상권,2120065,회기역,833,564,269,107,144,54,125,134,134,135,,,45,135,402,251.0,408,425,18.0,307.0,217.0,118.0,91.0,82.0
228,발달상권,2120064,경희대학교(경희대),61423,46509,14914,8788,9538,9507,9229,9447,7939,6975,222.0,6755.0,18208,10493,18775,6970.0,33379,27098,1628.0,27443.0,10963.0,9042.0,9210.0,2190.0
229,발달상권,2120062,신설동역,2702,2297,405,466,423,485,524,399,193,212,,179.0,1067,303,1124,29.0,1101,1347,5.0,976.0,712.0,395.0,289.0,72.0
230,발달상권,2120060,강변역(테크노마트),29768,21303,8465,4192,4277,4027,4013,4794,4368,4097,,1282.0,10931,7300,10049,206.0,16151,12558,709.0,7954.0,7893.0,6216.0,3763.0,2175.0
231,발달상권,2120059,구삼강변맛길,2757,1679,1078,271,355,256,365,432,631,447,,,1247,118,1392,,950,1592,10.0,498.0,724.0,678.0,406.0,226.0
232,발달상권,2120058,구의사거리,9525,6841,2684,1451,1582,1016,1413,1379,1348,1336,,175.0,2490,1447,5253,160.0,4124,4593,72.0,1431.0,1826.0,1588.0,2454.0,1348.0
233,발달상권,2120057,아차산역,56588,39412,17176,7693,7166,8062,7640,8851,7955,9221,,,18546,13067,24975,,27715,27556,3425.0,13700.0,15121.0,12962.0,8326.0,1740.0
234,발달상권,2120056,구의역,5919,4715,1204,937,969,880,977,952,544,660,19.0,224.0,1508,844,2996,328.0,2369,3137,196.0,2063.0,1560.0,743.0,722.0,222.0
235,발달상권,2120055,군자역,18939,14039,4900,2637,2762,2412,3070,3158,2488,2412,,198.0,5054,3667,9065,955.0,9349,8707,557.0,6539.0,5174.0,2822.0,2166.0,799.0
236,발달상권,2120054,어린이대공원역,101693,75505,26188,14106,14964,15334,16119,14982,12662,13526,1990.0,7483.0,29112,14727,32653,15728.0,53573,44076,2912.0,50194.0,22391.0,9656.0,10069.0,2431.0
237,발달상권,2120053,건대입구역(건대),174192,126459,47733,25260,24894,24401,25073,26831,25385,22348,6084.0,11116.0,43083,30069,63525,20315.0,98350,74043,5169.0,76980.0,39554.0,24963.0,18829.0,6901.0
238,발달상권,2120052,성수역,1395,1020,375,212,201,200,199,208,191,184,,4.0,286,274,683,148.0,774,510,12.0,441.0,262.0,204.0,261.0,105.0
239,발달상권,2120051,뚝섬역,24568,18973,5595,3626,4062,3730,3828,3727,3061,2534,,2310.0,9509,4029,8192,528.0,9733,11749,617.0,8883.0,6970.0,2404.0,1861.0,749.0
240,발달상권,2120050,서울숲역,1286,855,431,113,155,112,224,251,173,258,,,328,233,672,53.0,527,492,,155.0,268.0,207.0,225.0,165.0
241,발달상권,2120049,왕십리역(왕십리),78544,56025,22519,10071,10732,11213,11552,12457,11591,10928,2660.0,4500.0,15786,12603,25129,17866.0,44766,33710,2950.0,30499.0,19601.0,11244.0,9465.0,4716.0
242,발달상권,2120048,금호역,8652,6505,2147,871,1417,1326,1254,1637,1286,861,,454.0,2649,1930,3304,315.0,4080,4391,130.0,1884.0,2113.0,2226.0,1490.0,629.0
243,발달상권,2120047,한남오거리,10511,8036,2475,1722,1594,1620,1483,1617,1619,856,,1331.0,2393,1932,3870,985.0,4999,4525,46.0,2090.0,2741.0,1687.0,1732.0,1229.0
244,발달상권,2120046,이태원(이태원역),232384,117325,115059,24236,17822,20512,21456,33299,58019,57040,71491.0,3875.0,28952,26711,58889,42466.0,157725,70649,2299.0,109177.0,75566.0,20216.0,15363.0,5757.0
245,발달상권,2120045,남영동 먹자골목,1486,844,642,167,188,145,178,166,258,384,,70.0,754,409,253,,384,1054,5.0,471.0,407.0,216.0,281.0,59.0
246,발달상권,2120043,서울역,55683,50912,4771,9795,10597,10569,9985,9966,2466,2305,,3811.0,30622,5026,16083,141.0,16942,26976,237.0,15941.0,16036.0,7591.0,3242.0,874.0
247,발달상권,2120042,"숙대입구역(남영역, 남영동)",43274,32356,10918,5870,6463,5997,6804,7222,5660,5258,3113.0,3972.0,11053,6574,12510,6052.0,21079,21463,1800.0,14844.0,10863.0,6361.0,5278.0,3395.0
248,발달상권,2120041,신용산역(용산역),135131,96413,38718,18409,18366,18865,18603,22170,21593,17125,,3772.0,46915,30043,48470,5931.0,68710,59054,1811.0,33383.0,40434.0,26303.0,16341.0,9495.0
249,발달상권,2120039,신당역,157337,114172,43165,17822,22894,23197,23636,26623,22514,20651,18621.0,15976.0,36548,25012,42730,18450.0,80769,73173,2106.0,46189.0,43021.0,28395.0,22166.0,12068.0
250,발달상권,2120037,동대문역사문화공원역,40837,29730,11107,5665,5652,5776,5821,6816,5954,5153,3845.0,3575.0,10803,6874,9450,6290.0,22408,17588,1147.0,12217.0,11062.0,6525.0,5360.0,3683.0
251,발달상권,2120036,장충동족발거리(남소영길),3033,2007,1026,309,320,408,535,435,506,520,,,1185,424,1401,23.0,832,1848,61.0,717.0,789.0,607.0,325.0,183.0
252,발달상권,2120032,충무로역,4581,4078,503,661,764,840,903,910,480,23,7.0,239.0,1948,928,1393,66.0,1767,2317,274.0,1789.0,879.0,416.0,542.0,186.0
253,발달상권,2120028,명동(명동거리),85802,65672,20130,11912,12828,12875,13551,14506,10525,9605,,15142.0,30583,15286,22678,2113.0,44061,38120,997.0,25233.0,28981.0,14371.0,8418.0,4179.0
254,발달상권,2120027,명동역(명동재미로),33687,28774,4913,5758,5829,5936,5678,5573,2733,2180,,1824.0,17571,5444,7848,1000.0,16025,15965,560.0,9333.0,10958.0,6325.0,3595.0,1223.0
255,발달상권,2120026,을지로입구역,15447,14016,1431,2562,2877,2938,2906,2733,678,753,,1066.0,7718,1397,5258,8.0,5485,6824,50.0,4794.0,4725.0,1587.0,917.0,236.0
256,발달상권,2120025,롯데백화점(시청광장 지하쇼핑센터),20909,15830,5079,3001,3020,3114,3253,3442,2817,2262,,1060.0,9663,5201,4985,,9470,10176,160.0,4715.0,6149.0,4010.0,2610.0,2003.0
257,발달상권,2120023,서울시청,15982,12568,3414,1637,2450,2834,2512,3135,1707,1707,,84.0,7526,2149,5935,288.0,6949,6641,85.0,3977.0,5186.0,2684.0,1219.0,442.0
258,발달상권,2120022,북창동(시청역_6번),37482,36125,1357,6637,7477,7558,7567,6886,836,521,,22506.0,9384,2163,3378,51.0,14295,20314,108.0,9292.0,13684.0,6443.0,3993.0,1090.0
259,발달상권,2120021,시청역_8번,49218,42065,7153,7063,8504,8785,8701,9012,4036,3117,,3096.0,25171,6332,13846,773.0,28446,16826,220.0,10634.0,15864.0,11129.0,5496.0,1930.0
260,발달상권,2120020,시청역_1번,12629,9353,3276,1440,1703,2136,1974,2100,1698,1578,,1920.0,4933,3529,2247,,4251,7575,138.0,3730.0,3739.0,2142.0,1477.0,601.0
261,발달상권,2120019,경찰청앞교차로,31957,25660,6297,4483,4960,5251,5070,5896,3065,3232,4.0,1507.0,12946,5359,10857,1284.0,18900,10776,358.0,4942.0,9873.0,7914.0,5133.0,1456.0
262,발달상권,2120017,동묘앞역(동묘),87792,60859,26933,11236,11641,12458,12083,13441,12718,14215,455.0,4534.0,29596,22675,27651,2881.0,54485,32705,1597.0,19725.0,23661.0,17181.0,13952.0,11074.0
263,발달상권,2120016,동대문역,8207,5622,2585,1042,1026,1098,1140,1316,1345,1240,,598.0,3334,2286,1755,234.0,4732,3475,128.0,1350.0,1571.0,1668.0,1641.0,1849.0
264,발달상권,2120015,종로6가,9604,8762,842,1299,1885,1775,1591,2212,805,37,,421.0,5854,1573,1756,,4829,3421,,1537.0,2049.0,1262.0,2634.0,769.0
265,발달상권,2120013,이화사거리,631,501,130,55,108,118,94,126,55,75,,94.0,350,137,50,,257,217,,45.0,85.0,113.0,113.0,119.0
266,발달상권,2120012,대학로(혜화역),214025,148663,65362,25097,28277,31085,29984,34220,34513,30849,1254.0,20157.0,54870,39852,70127,27765.0,94219,113933,6178.0,75178.0,53989.0,35017.0,26688.0,11101.0
267,발달상권,2120011,종로4가,1946,1304,642,249,216,234,221,384,320,322,,44.0,554,430,658,260.0,1152,794,16.0,501.0,531.0,519.0,270.0,109.0
268,발달상권,2120009,종로3가역,63101,46048,17053,8758,8731,9123,9330,10106,10097,6956,,10182.0,20958,11736,17673,2552.0,36518,25878,789.0,19323.0,16611.0,8527.0,7558.0,9587.0
269,발달상권,2120007,북촌(안국역),1543,935,608,192,124,144,211,264,297,311,,,474,264,805,,619,834,24.0,375.0,360.0,384.0,201.0,110.0
270,발달상권,2120006,종각역,48666,38353,10313,6735,7566,8086,7837,8129,5634,4679,,1030.0,22611,8549,14834,1642.0,27652,18412,625.0,13206.0,12543.0,8798.0,6547.0,4339.0
271,발달상권,2120004,종로구청,80696,64844,15852,11991,13034,12844,13341,13634,8366,7486,98.0,7244.0,31808,11724,23248,6574.0,45579,28521,658.0,14907.0,23635.0,18384.0,10993.0,5521.0
272,발달상권,2120003,광화문역,96169,77979,18190,14193,15935,15047,16129,16675,8661,9529,,13097.0,36713,14078,30805,1476.0,38028,45414,567.0,25670.0,29393.0,16634.0,7639.0,3536.0
273,발달상권,2120001,서대문역,36198,27478,8720,4836,5248,5566,5701,6127,4505,4215,1901.0,2875.0,9615,6031,10322,5454.0,19907,14311,993.0,8956.0,8124.0,6848.0,5963.0,3333.0
274,골목상권,2111090,강일동주민센터,13863,9896,3967,1962,1809,1978,1962,2185,1695,2272,,165.0,4594,3482,5123,499.0,7877,5932,364.0,2249.0,3636.0,3680.0,2067.0,1812.0
275,골목상권,2111089,상일여고(상일초등학교),176,121,55,19,10,25,19,48,20,35,,,5,15,126,30.0,141,30,,30.0,19.0,25.0,54.0,44.0
276,골목상권,2111088,고덕동성당,3144,2060,1084,291,339,267,857,306,377,707,,,464,526,1996,158.0,1980,1062,32.0,200.0,464.0,790.0,1043.0,512.0
277,골목상권,2111086,한영중고,2427,1478,949,393,296,222,198,369,432,517,,,418,418,1320,271.0,1231,1059,,163.0,496.0,574.0,646.0,411.0
278,골목상권,2111080,굽은다리역 3번,1567,794,773,178,80,140,185,211,325,448,,8.0,279,260,860,160.0,885,672,10.0,63.0,168.0,438.0,509.0,369.0
279,골목상권,2111077,길동주민센터(강동도서관),2563,1440,1123,280,272,296,280,312,384,739,,,504,592,1339,128.0,1241,1208,,232.0,408.0,560.0,760.0,488.0
280,골목상권,2111076,둔촌2동주민센터,976,641,335,96,177,170,53,145,128,207,,,192,106,619,59.0,592,320,26.0,107.0,277.0,171.0,165.0,166.0
281,골목상권,2111070,천호초등학교,3916,2315,1601,297,444,472,436,666,730,871,,,537,767,2270,342.0,2403,1457,102.0,816.0,659.0,788.0,955.0,539.0
282,골목상권,2111069,천호1동주민센터,162,101,61,5,23,34,11,28,27,34,,,11,18,99,34.0,90,45,,23.0,11.0,23.0,62.0,17.0
283,골목상권,2111067,강동구립성내도서관,756,524,232,116,115,80,115,98,117,115,,,160,89,435,72.0,382,293,,81.0,152.0,107.0,195.0,142.0
284,골목상권,2111063,강동구립 천호도서관,1943,1190,753,297,199,99,226,369,370,383,28.0,,185,184,1092,454.0,1163,653,,185.0,411.0,241.0,723.0,255.0
285,골목상권,2111061,암사역 1번,2543,1980,563,294,309,456,342,579,523,40,,,1085,360,992,106.0,1000,1170,50.0,446.0,416.0,680.0,463.0,117.0
286,골목상권,2111060,암사역 2번(서울강동초등학교),5426,3806,1620,561,723,634,1147,741,793,827,170.0,,861,921,2630,844.0,3250,1938,40.0,947.0,1494.0,1186.0,1010.0,513.0
287,골목상권,2111058,성내중학교,178,122,56,8,42,8,40,24,24,32,8.0,65.0,73,16,8,,72,81,,56.0,40.0,16.0,32.0,8.0
288,골목상권,2111046,마천역(마천초등학교),7715,5755,1960,1029,1056,1190,1093,1387,1003,957,,248.0,1901,1640,3620,306.0,4101,3392,429.0,1823.0,1798.0,1641.0,1237.0,566.0
289,골목상권,2111041,거여역 8번,664,452,212,114,79,70,85,104,99,113,,,85,70,379,130.0,390,274,,85.0,174.0,110.0,184.0,111.0
290,골목상권,2111038,보인중학교,3892,3100,792,603,633,740,468,656,407,385,,769.0,1479,995,649,,1718,2174,107.0,527.0,1315.0,788.0,842.0,313.0
291,골목상권,2111033,문정동성당,6149,4209,1940,777,864,748,855,965,971,969,594.0,601.0,1474,1061,1530,889.0,3647,2502,143.0,944.0,1635.0,1788.0,996.0,643.0
292,골목상권,2111032,방이역 1번,3181,2527,654,376,601,516,505,529,327,327,,108.0,1123,681,936,6.0,1266,1588,86.0,596.0,900.0,502.0,540.0,230.0
293,골목상권,2111028,문현중학교(장지역 1번),2390,2060,330,389,312,494,338,527,165,165,,9.0,373,485,1349,9.0,1280,945,62.0,521.0,415.0,556.0,397.0,274.0
294,골목상권,2111027,문정초등학교,4235,2864,1371,491,455,713,598,607,729,642,10.0,,637,741,2515,332.0,2288,1641,67.0,586.0,875.0,1000.0,908.0,490.0
295,골목상권,2111021,방이역 4번,1528,1006,522,225,112,232,96,341,265,257,,,298,184,830,216.0,665,758,8.0,170.0,226.0,335.0,351.0,332.0
296,골목상권,2111019,한성백제역 3번,483,282,201,48,36,30,90,78,116,85,,,126,78,237,42.0,231,169,6.0,24.0,66.0,120.0,102.0,78.0
297,골목상권,2111016,송파역 2번,1138,807,331,124,83,165,124,311,145,186,,,476,186,290,186.0,456,641,,21.0,82.0,145.0,269.0,581.0
298,골목상권,2111013,송파나루역 1번(송리단길),4041,2699,1342,294,323,262,370,1450,679,663,,,679,664,2405,293.0,2005,1559,15.0,447.0,849.0,894.0,725.0,633.0
299,골목상권,2111008,석촌고분역 3번,1682,1032,650,158,212,196,186,280,352,298,,,248,278,869,287.0,821,669,,247.0,401.0,305.0,315.0,224.0
300,골목상권,2111007,석촌고분역 4번,14147,11842,2305,2331,2446,2760,2080,2225,2259,46,12.0,2726.0,3889,2496,4820,204.0,6590,6940,100.0,3128.0,4804.0,2480.0,1799.0,1218.0
301,골목상권,2111006,석촌고분역 1번,1615,1016,599,287,138,218,154,219,218,381,,,359,174,873,209.0,868,692,22.0,110.0,289.0,533.0,259.0,346.0
302,골목상권,2111004,삼전역 1번,12749,9037,3712,1563,1593,1892,1838,2151,1913,1799,,,2045,2485,5376,2843.0,7783,4852,289.0,2337.0,3803.0,2911.0,2155.0,1140.0
303,골목상권,2111003,삼전역 4번,5900,3827,2073,325,568,760,843,1331,994,1079,,56.0,1478,1267,2659,440.0,3008,2560,65.0,951.0,1652.0,1170.0,1015.0,718.0
304,골목상권,2110998,은곡마을(은곡마을공원),1844,1101,743,155,182,190,263,311,506,237,48.0,331.0,305,331,660,169.0,961,815,7.0,213.0,440.0,574.0,419.0,124.0
305,골목상권,2110997,대청초등학교,26313,19392,6921,3453,3747,4125,4104,3963,3664,3257,,2951.0,8407,4553,9656,746.0,11427,13734,538.0,6789.0,6413.0,5254.0,4662.0,1506.0
306,골목상권,2110994,개포고등학교,1842,1257,585,190,292,336,212,227,270,315,,7.0,686,322,783,44.0,1017,702,73.0,218.0,270.0,416.0,380.0,358.0
307,골목상권,2110992,도곡초등학교,4239,3213,1026,622,575,743,598,675,1002,24,,453.0,1374,737,1675,,1597,2301,328.0,468.0,550.0,1336.0,1032.0,184.0
308,골목상권,2110989,대치동아우편취급국,365,249,116,31,12,64,52,90,72,44,,,108,51,174,32.0,167,172,12.0,26.0,44.0,103.0,77.0,77.0
309,골목상권,2110984,포이초등학교(개포목련어린이공원),1460,1111,349,221,177,234,258,221,216,133,32.0,,108,222,921,177.0,909,526,45.0,261.0,344.0,291.0,337.0,157.0
310,골목상권,2110982,강남구보훈회관,785,542,243,122,151,48,100,121,142,101,16.0,,163,121,375,110.0,332,311,5.0,42.0,126.0,147.0,200.0,121.0
311,골목상권,2110975,매봉역 1번,5310,3436,1874,521,434,483,572,1426,918,956,,12.0,1017,843,2966,472.0,2494,2172,37.0,422.0,583.0,1414.0,1229.0,980.0
312,골목상권,2110967,역삼역 8번,856,611,245,122,89,122,111,167,88,157,89.0,,88,55,346,156.0,378,156,,111.0,122.0,110.0,155.0,33.0
313,골목상권,2110965,언주역 6번,2201,1536,665,370,259,309,233,365,306,359,477.0,298.0,353,179,564,330.0,921,807,11.0,182.0,441.0,465.0,359.0,268.0
314,골목상권,2110963,역삼월드메르디앙아파트,1422,1396,26,240,246,262,273,375,15,11,16.0,,914,107,347,38.0,673,524,5.0,390.0,439.0,223.0,80.0,59.0
315,골목상권,2110961,언주역 3번,2208,2184,24,258,540,457,553,376,12,12,,,1726,117,341,12.0,764,881,,564.0,717.0,271.0,58.0,35.0
316,골목상권,2110953,학동근린공원,2905,2685,220,457,525,613,559,531,100,120,,417.0,1809,452,227,,1398,684,15.0,462.0,809.0,228.0,442.0,130.0
317,골목상권,2110943,법제교육센터(버들어린이공원),1917,1217,700,285,241,133,304,254,408,292,,,292,336,1137,152.0,1180,616,38.0,272.0,622.0,419.0,355.0,89.0
318,골목상권,2110939,양재역 8번(양재동우체국),4360,3288,1072,636,701,339,785,827,482,590,,35.0,1608,514,1938,265.0,2411,1678,,1107.0,1375.0,830.0,596.0,183.0
319,골목상권,2110924,반포4동주민센터(몽마르뜨공원),2384,1472,912,215,289,322,295,351,429,483,,4.0,1007,460,854,59.0,1105,1051,34.0,374.0,674.0,486.0,339.0,248.0
320,골목상권,2110912,방배동사이길,1584,1330,254,202,311,226,251,340,194,60,12.0,6.0,730,172,585,79.0,510,819,6.0,258.0,335.0,402.0,234.0,92.0
321,골목상권,2110907,방배초등학교,429,312,117,26,60,56,83,87,61,56,,44.0,242,113,30,,109,286,8.0,91.0,121.0,96.0,65.0,13.0
322,골목상권,2110904,이수역 5번,1857,1199,658,190,240,190,299,280,388,270,,,410,250,877,130.0,629,897,,580.0,450.0,260.0,200.0,40.0
323,골목상권,2110896,관악우성아파트,4534,3382,1152,632,608,646,639,857,603,549,,7.0,1419,1086,1860,162.0,2818,1456,38.0,552.0,880.0,1144.0,1216.0,446.0
324,골목상권,2110895,샤로수길,986,732,254,169,160,170,102,131,127,127,,44.0,305,88,422,,321,491,5.0,399.0,276.0,35.0,58.0,39.0
325,골목상권,2110892,관악구 중앙길,1657,998,659,103,165,320,149,261,363,296,193.0,,26,209,861,368.0,939,615,26.0,252.0,279.0,290.0,488.0,219.0
326,골목상권,2110891,구암초등학교,4135,2834,1301,560,443,529,549,753,617,684,,19.0,627,877,2092,520.0,2107,1961,89.0,330.0,534.0,1504.0,1135.0,474.0
327,골목상권,2110890,봉천역 1번(관악초등학교),463,266,197,37,56,25,56,92,105,92,,,143,24,228,68.0,216,142,,93.0,68.0,87.0,43.0,69.0
328,골목상권,2110888,청룡동주민센터,1435,897,538,137,78,272,158,252,272,266,,,229,173,953,80.0,826,553,,243.0,322.0,395.0,294.0,122.0
329,골목상권,2110886,관악해태어린이공원,1028,820,208,138,128,114,138,302,104,104,,,416,45,532,35.0,292,104,,65.0,70.0,104.0,90.0,70.0
330,골목상권,2110884,봉천역 4번(봉천110안전센터),3280,2108,1172,330,387,387,429,575,591,581,,,463,427,1509,494.0,1763,1130,5.0,578.0,911.0,577.0,578.0,244.0
331,골목상권,2110883,은천초등학교(은천교앞),328,169,159,7,28,39,42,53,73,86,4.0,,30,47,163,84.0,207,105,,40.0,71.0,94.0,62.0,45.0
332,골목상권,2110882,신성초등학교,32087,23276,8811,4836,4404,4837,4095,5104,4737,4074,142.0,3785.0,10208,4375,11717,1860.0,16210,14307,436.0,11428.0,9515.0,3493.0,3806.0,1833.0
333,골목상권,2110881,구립대학경로당(관악산샘말공원),12549,9920,2629,1635,2008,1942,2246,2089,2039,590,38.0,63.0,2771,1204,6566,1907.0,9001,3482,133.0,5329.0,2934.0,1567.0,1785.0,735.0
334,골목상권,2110879,신림현대아파트,1459,1117,342,172,194,172,387,192,128,214,,236.0,322,171,645,85.0,859,429,,85.0,386.0,235.0,235.0,343.0
335,골목상권,2110878,미림여고,1719,1419,300,180,299,340,312,288,228,72,,162.0,486,556,515,,813,870,91.0,274.0,456.0,402.0,382.0,79.0
336,골목상권,2110877,신림역 8번,917,578,339,86,171,75,107,139,212,127,,11.0,139,181,480,106.0,529,324,,109.0,164.0,140.0,236.0,205.0
337,골목상권,2110876,서원동주민센터(신관중학교),291,205,86,75,45,28,34,23,29,57,,,39,28,161,63.0,165,114,,69.0,52.0,34.0,74.0,51.0
338,골목상권,2110871,신원동주민센터,1668,1081,587,199,192,215,162,313,297,290,8.0,,94,249,887,430.0,1016,652,8.0,356.0,432.0,342.0,324.0,206.0
339,골목상권,2110867,국제신학대학원대학교(남서울중학교),582,387,195,53,60,89,100,85,111,84,32.0,,5,37,355,153.0,370,212,5.0,121.0,160.0,121.0,111.0,64.0
340,골목상권,2110865,남강고등학교(남강중학교),5886,4602,1284,782,858,965,898,1099,775,509,,204.0,1197,1221,2761,503.0,2866,2930,157.0,1152.0,1201.0,1317.0,1394.0,575.0
341,골목상권,2110862,난곡초등학교(난곡동벽화마을),5145,3343,1802,793,514,672,505,859,762,1040,,,619,876,2647,1003.0,2999,2146,182.0,1465.0,795.0,1023.0,1168.0,512.0
342,골목상권,2110861,관악구신사동주민센터,1146,840,306,132,180,193,163,172,153,153,,40.0,283,147,523,,639,344,50.0,334.0,275.0,203.0,90.0,30.0
343,골목상권,2110860,호림박물관(성보고등학교),1144,758,386,160,63,143,144,248,176,210,17.0,,148,159,627,193.0,595,528,,114.0,162.0,271.0,421.0,153.0
344,골목상권,2110858,신대방역 1번,1457,956,501,176,220,187,142,231,293,208,,,143,241,952,121.0,899,558,,231.0,383.0,426.0,318.0,99.0
345,골목상권,2110856,미성초등학교,3314,2216,1098,373,487,503,403,450,549,549,,234.0,972,627,932,,1209,1556,109.0,684.0,767.0,477.0,428.0,300.0
346,골목상권,2110849,이수역 10번,2682,1829,853,345,290,419,400,375,439,414,,714.0,580,788,505,95.0,1188,1425,5.0,591.0,682.0,626.0,451.0,260.0
347,골목상권,2110848,양지어린이공원,1246,715,531,169,162,62,145,177,263,268,,8.0,215,169,731,123.0,730,423,,239.0,346.0,170.0,230.0,170.0
348,골목상권,2110846,남성역 1번,3695,2866,829,434,643,495,613,681,457,372,154.0,230.0,955,707,1043,606.0,1762,1933,50.0,629.0,858.0,351.0,697.0,1110.0
349,골목상권,2110844,흑석2치안센터,1481,1006,475,162,180,156,221,287,163,312,,,352,188,933,8.0,777,450,,123.0,196.0,197.0,369.0,344.0
350,골목상권,2110840,중앙대학교,38679,30122,8557,5421,5844,6570,6335,5952,5045,3512,,3900.0,12960,6997,13757,1065.0,17296,19871,1254.0,16497.0,6304.0,5020.0,6507.0,1587.0
351,골목상권,2110839,숭실대입구역 4번,19093,14884,4209,2732,3059,3101,3095,2897,2186,2023,35.0,1849.0,7526,3153,6281,249.0,8601,9777,824.0,7765.0,3223.0,2875.0,2965.0,724.0
352,골목상권,2110836,상도역 5번,29778,23019,6759,4080,4512,4827,4771,4829,3920,2839,37.0,1129.0,8297,5741,11654,2920.0,15972,12437,835.0,11473.0,5536.0,4663.0,4251.0,1657.0
353,골목상권,2110835,상도역 1번,13723,8942,4781,1517,1534,1439,2335,2117,2106,2675,,,2785,2534,7726,678.0,7279,5130,16.0,1521.0,2300.0,3007.0,3090.0,2477.0
354,골목상권,2110825,신대방삼거리역 1번,1695,1170,525,263,270,136,262,239,199,326,,,207,310,923,255.0,1012,683,,224.0,427.0,459.0,312.0,273.0
355,골목상권,2110824,대방역 3번,39794,28019,11775,4470,5277,5862,6254,6156,6156,5619,,806.0,11970,6767,18639,1612.0,21030,18080,1135.0,12008.0,9313.0,8589.0,6170.0,1895.0
356,골목상권,2110823,신대방삼거리역 3번,1964,1238,726,291,200,255,201,291,291,435,,9.0,319,345,1082,209.0,1093,852,,303.0,459.0,348.0,522.0,313.0
357,골목상권,2110820,성남고등학교,2685,1809,876,395,308,443,346,317,462,414,,,10,163,2011,501.0,1715,970,78.0,825.0,716.0,427.0,485.0,154.0
358,골목상권,2110819,신대방역 4번,711,401,310,8,65,91,164,73,138,172,,,98,114,361,138.0,447,264,,150.0,106.0,191.0,149.0,115.0
359,골목상권,2110815,공군호텔,1074,689,385,141,96,118,139,195,225,160,,,129,194,633,118.0,602,419,,161.0,268.0,194.0,237.0,162.0
360,골목상권,2110813,보라매역 6번,1866,1293,573,184,327,277,253,252,364,209,,12.0,634,376,844,,1038,828,138.0,470.0,407.0,444.0,295.0,112.0
361,골목상권,2110804,신풍역 1번,2205,1439,766,320,309,320,229,261,357,409,,22.0,405,336,1122,,932,953,26.0,417.0,355.0,420.0,484.0,183.0
362,골목상권,2110792,영등포역 2번,28517,18849,9668,3482,3514,3560,3909,4384,4667,5001,,934.0,6725,4763,14196,1899.0,16204,11267,364.0,6567.0,8418.0,4589.0,5079.0,2453.0
363,골목상권,2110790,대림1동주민센터,1013,697,316,66,166,116,133,216,116,200,,67.0,331,133,333,149.0,697,198,,67.0,216.0,149.0,283.0,183.0
364,골목상권,2110789,대림성모병원,430,324,106,65,47,73,46,93,66,40,,13.0,133,80,152,52.0,211,152,,40.0,79.0,125.0,66.0,53.0
365,골목상권,2110787,신길3동주민센터,617,369,248,50,60,60,80,119,90,158,,,120,70,357,70.0,305,312,,40.0,71.0,161.0,222.0,123.0
366,골목상권,2110776,도신초등학교,1592,1117,475,170,170,85,204,488,288,187,,,85,136,1116,255.0,743,832,18.0,173.0,260.0,294.0,622.0,209.0
367,골목상권,2110763,영등포구청역 2번,992,890,102,118,163,163,208,238,51,51,,,653,51,237,,370,482,,222.0,230.0,155.0,186.0,59.0
368,골목상권,2110762,선유도역 1번,5799,3938,1861,744,894,590,751,959,902,959,55.0,10.0,783,569,2681,1701.0,3135,2239,149.0,1193.0,1373.0,988.0,986.0,683.0
369,골목상권,2110759,문래예술촌(문래창작촌),1968,1149,819,252,84,197,255,361,423,396,,,584,415,875,94.0,946,900,7.0,809.0,642.0,176.0,155.0,58.0
370,골목상권,2110754,삼성산자연공원(서울금천초등학교),1718,1107,611,188,189,192,286,252,340,271,,6.0,174,295,868,375.0,1011,680,9.0,177.0,369.0,400.0,457.0,278.0
371,골목상권,2110753,시흥동 은행나무사거리,5621,3883,1738,781,680,730,786,906,872,866,,115.0,1497,1270,2384,355.0,2866,2725,277.0,1245.0,939.0,1439.0,1226.0,464.0
372,골목상권,2110752,한울중학교,7592,5445,2147,785,1046,1066,1278,1270,1027,1120,,1383.0,1276,1001,3293,639.0,3067,4407,73.0,1379.0,1326.0,2342.0,1617.0,738.0
373,골목상권,2110751,난곡중학교,344,196,148,37,5,44,50,60,71,77,,,16,43,219,66.0,181,137,,27.0,77.0,59.0,103.0,49.0
374,골목상권,2110746,금천금빛공원(은행나무사거리서측),219,146,73,37,30,43,24,12,24,49,,,12,37,97,73.0,103,103,,30.0,30.0,42.0,42.0,61.0
375,골목상권,2110745,독산동정훈단지,1016,677,339,125,132,82,125,213,157,182,6.0,,113,176,495,226.0,471,395,,138.0,132.0,125.0,326.0,145.0
376,골목상권,2110744,독산동성당,196,124,72,43,23,14,7,37,36,36,,,23,37,93,43.0,58,109,,8.0,15.0,37.0,51.0,57.0
377,골목상권,2110743,시흥초등학교(시흥1동우체국),429,319,110,65,64,65,30,95,55,55,20.0,,15,60,214,55.0,170,165,,20.0,85.0,150.0,50.0,30.0
378,골목상권,2110742,KT금천빌딩(금천구시설관리공단),19374,14800,4574,2226,3309,2767,3129,3369,3370,1204,,1384.0,5716,4512,6498,1264.0,8725,9747,180.0,2648.0,4994.0,5114.0,3610.0,1926.0
379,골목상권,2110741,독산2동주민센터,1710,985,725,80,200,303,182,220,363,362,303.0,,140,160,584,523.0,884,643,,180.0,342.0,322.0,522.0,160.0
380,골목상권,2110738,문성초등학교,1508,1072,436,217,193,205,205,252,160,276,32.0,6.0,547,359,487,77.0,949,520,,276.0,263.0,308.0,500.0,122.0
381,골목상권,2110735,말미고개,1023,684,339,129,194,137,120,104,120,219,,,136,153,500,234.0,524,403,8.0,104.0,120.0,314.0,265.0,112.0
382,골목상권,2110731,금천구청역 1번 출입구,2319,1394,925,265,300,179,299,351,376,549,,9.0,239,393,1412,266.0,1339,910,35.0,163.0,429.0,498.0,721.0,405.0
383,골목상권,2110726,금천철쭉어린이공원(금하마을),1452,899,553,90,145,230,220,214,270,283,,,245,245,757,205.0,742,658,30.0,115.0,200.0,440.0,340.0,280.0
384,골목상권,2110722,G타워,3070,2434,636,435,478,609,448,464,335,301,,390.0,1124,374,1129,53.0,1400,1495,17.0,1166.0,955.0,471.0,204.0,82.0
385,골목상권,2110721,가리봉파출소,1129,952,177,149,150,149,191,313,96,81,,,204,95,394,287.0,585,245,,244.0,109.0,122.0,231.0,122.0
386,골목상권,2110719,영서중학교,5627,4716,911,721,1056,1091,851,997,146,765,9.0,1443.0,1563,1064,1419,129.0,2663,2801,60.0,842.0,1452.0,1787.0,1040.0,284.0
387,골목상권,2110717,남구로역 2번,654,416,238,29,83,68,104,132,98,140,,19.0,133,68,317,117.0,300,232,,72.0,93.0,143.0,197.0,26.0
388,골목상권,2110716,구로나눔길,58956,42339,16617,8073,8653,8304,8124,9185,8283,8334,,3787.0,17929,11399,19821,6020.0,34313,23291,980.0,12347.0,15933.0,14775.0,8780.0,4790.0
389,골목상권,2110715,구로구민회관,83,56,27,6,6,6,6,32,21,6,,,13,32,20,6.0,32,32,,6.0,19.0,6.0,26.0,6.0
390,골목상권,2110714,구로4동주민센터,10469,7395,3074,1329,1298,1584,1365,1819,1519,1555,,133.0,2843,2213,4478,802.0,5498,4838,268.0,1957.0,2589.0,2756.0,2015.0,751.0
391,골목상권,2110713,구로보건소,11172,9744,1428,1589,1770,1928,2095,2362,171,1257,,2281.0,4255,2099,2164,373.0,5142,5218,129.0,1407.0,3017.0,2715.0,2115.0,978.0
392,골목상권,2110712,남구로역 5번,1385,862,523,121,171,218,97,255,231,292,,,121,194,680,390.0,705,474,36.0,134.0,279.0,316.0,267.0,145.0
393,골목상권,2110711,구로초등학교,2357,1552,805,246,477,299,217,313,341,464,178.0,41.0,476,314,1170,178.0,1254,981,14.0,273.0,463.0,491.0,532.0,464.0
394,골목상권,2110706,그라운드 고척,19612,13648,5964,2305,2643,2826,2795,3079,3101,2863,187.0,1183.0,5841,3726,7621,1054.0,10162,8952,1005.0,6884.0,4229.0,3466.0,2943.0,590.0
395,골목상권,2110700,고척초등학교,527,366,161,54,27,98,98,89,98,63,18.0,,63,72,248,126.0,259,250,,63.0,90.0,170.0,142.0,45.0
396,골목상권,2110694,세곡초등학교,2745,1601,1144,419,267,272,282,361,686,458,,,326,581,1410,428.0,1631,1057,36.0,248.0,447.0,707.0,843.0,408.0
397,골목상권,2110691,개봉중학교,1148,712,436,132,142,161,107,170,200,236,,5.0,137,190,626,190.0,623,525,,97.0,298.0,299.0,369.0,85.0
398,골목상권,2110690,오류2동버들시장,3522,2467,1055,474,457,488,456,592,545,510,4.0,130.0,658,629,1627,474.0,1914,1488,41.0,514.0,665.0,827.0,926.0,425.0
399,골목상권,2110686,수궁동주민센터,981,753,228,157,84,189,123,200,182,46,67.0,6.0,90,162,540,116.0,712,242,,72.0,124.0,451.0,202.0,103.0
400,골목상권,2110671,등촌1동주민센터,201,147,54,20,40,33,29,25,34,20,5.0,,63,5,89,39.0,132,54,10.0,39.0,83.0,30.0,10.0,15.0
401,골목상권,2110670,신곡초등학교,6004,4102,1902,1009,588,857,689,959,1111,791,,1144.0,1732,1665,1463,,2834,3070,84.0,861.0,1923.0,1974.0,827.0,235.0
402,골목상권,2110668,화곡2동주민센터,5056,3123,1933,546,818,546,503,710,1004,929,,,622,622,2665,601.0,2752,1758,11.0,1004.0,1070.0,1496.0,492.0,437.0
403,골목상권,2110667,가양역 10번,93740,67473,26267,12880,12415,13376,14021,14781,12662,13605,,5192.0,29660,16660,35866,6362.0,48280,42826,2466.0,23555.0,30547.0,16623.0,11317.0,6597.0
404,골목상권,2110665,곰달래도서관,1268,917,351,208,154,164,120,271,132,219,11.0,,132,132,503,490.0,603,632,,138.0,339.0,195.0,405.0,159.0
405,골목상권,2110662,까치산역 1번,929,583,346,141,103,99,131,109,203,143,,6.0,72,77,483,291.0,494,402,5.0,115.0,228.0,262.0,157.0,130.0
406,골목상권,2110660,등촌3동주민센터,7977,6094,1883,1244,1246,1015,1127,1462,1204,679,,416.0,2602,1477,3164,318.0,3658,3757,259.0,1341.0,1861.0,1685.0,1589.0,676.0
407,골목상권,2110659,화곡역 4번,1863,1063,800,97,178,194,287,307,329,471,,,250,274,1053,286.0,998,858,18.0,162.0,519.0,537.0,479.0,140.0
408,골목상권,2110656,까치산역 3번,345,212,133,68,36,30,24,54,73,60,54.0,,12,12,140,127.0,255,84,,153.0,72.0,54.0,48.0,12.0
409,골목상권,2110653,화곡역 2번,591,370,221,38,86,72,68,106,86,135,101.0,10.0,77,82,154,167.0,354,237,5.0,339.0,121.0,63.0,39.0,24.0
410,골목상권,2110651,화원중학교,4733,3431,1302,613,632,632,885,669,651,651,,,867,1452,1763,,1541,2493,19.0,719.0,1191.0,1097.0,528.0,482.0
411,골목상권,2110649,우장산역 1번,28486,19644,8842,3912,3887,3717,3804,4324,4868,3974,129.0,1544.0,7407,5617,10726,3063.0,15257,13229,2228.0,4295.0,5069.0,9665.0,5850.0,1379.0
412,골목상권,2110645,우장산역 4번,12424,9291,3133,1374,1759,1818,1942,2398,1874,1259,,773.0,3458,2378,5204,611.0,5567,6229,431.0,1799.0,2192.0,3690.0,2504.0,1180.0
413,골목상권,2110638,신방화역 2번,282,202,80,27,26,55,13,81,47,33,7.0,,47,61,87,80.0,114,121,,7.0,46.0,40.0,94.0,46.0
414,골목상권,2110637,송정역 2번,1348,964,384,127,177,220,186,254,192,192,15.0,478.0,314,177,172,,528,504,,192.0,313.0,216.0,200.0,112.0
415,골목상권,2110635,공항시장역 3번,1780,1198,582,186,219,292,237,264,270,312,,,195,297,1283,5.0,972,775,27.0,544.0,491.0,269.0,212.0,203.0
416,골목상권,2110634,송정역 3번,941,721,220,118,124,186,130,163,164,56,17.0,,6,46,545,327.0,608,333,40.0,146.0,412.0,157.0,146.0,40.0
417,골목상권,2110632,방화역 3번,6467,4811,1656,848,729,1115,1105,1014,1454,202,,2727.0,1916,1281,543,,2952,3450,140.0,836.0,1431.0,1803.0,1221.0,972.0
418,골목상권,2110631,방화초등학교,4078,3353,725,710,554,753,696,640,483,242,,170.0,1393,1009,1464,42.0,1868,2025,128.0,828.0,1241.0,927.0,570.0,200.0
419,골목상권,2110620,목동보건지소,714,390,324,56,105,56,73,100,165,159,,,100,89,352,117.0,409,249,11.0,67.0,187.0,160.0,188.0,45.0
420,골목상권,2110619,목4동주민센터,555,413,142,82,74,94,79,84,59,83,,15.0,147,113,265,15.0,260,230,5.0,20.0,25.0,157.0,235.0,49.0
421,골목상권,2110615,신서초등학교,5317,3537,1780,670,742,573,695,857,906,874,,120.0,2083,1062,2010,42.0,2528,2528,120.0,483.0,724.0,1671.0,1635.0,423.0
422,골목상권,2110614,목동로데오거리,766,421,345,88,14,134,59,126,149,196,,7.0,179,149,364,67.0,423,304,,96.0,178.0,149.0,193.0,112.0
423,골목상권,2110608,신월2동주민센터,3322,2149,1173,434,369,456,369,521,586,587,,11.0,564,706,1715,326.0,1808,1514,33.0,762.0,675.0,827.0,697.0,328.0
424,골목상권,2110606,신한은행 신월동지점,72770,48884,23886,9071,9697,9744,9528,10844,11894,11992,,17145.0,18772,13730,16923,6200.0,46037,25575,771.0,10943.0,24787.0,22377.0,9150.0,3586.0
425,골목상권,2110604,신월4동주민센터,1345,899,446,178,161,178,133,249,251,195,,,228,216,584,139.0,664,481,6.0,146.0,189.0,515.0,190.0,99.0
426,골목상권,2110603,지향초등학교,1297,835,462,153,119,104,196,263,247,215,,,234,196,743,124.0,672,558,5.0,53.0,183.0,460.0,336.0,193.0
427,골목상권,2110598,신월문화체육센터,4567,3243,1324,646,412,730,674,781,863,461,,,538,972,2695,362.0,2719,1819,54.0,757.0,1046.0,1072.0,1071.0,539.0
428,골목상권,2110595,메디힐병원,1826,1107,719,170,216,216,234,271,350,369,,12.0,309,284,835,170.0,867,743,28.0,347.0,369.0,311.0,302.0,253.0
429,골목상권,2110593,신월3동주민센터,2479,1545,934,434,340,183,331,257,466,468,,62.0,445,393,962,617.0,910,1542,,365.0,471.0,530.0,736.0,350.0
430,골목상권,2110592,서울금융고등학교,515,288,227,62,62,41,72,51,62,165,51.0,,52,10,268,134.0,319,186,,71.0,135.0,83.0,165.0,51.0
431,골목상권,2110588,한겨레신문사,168,127,41,24,38,24,12,29,35,6,6.0,,69,24,23,46.0,75,35,6.0,35.0,18.0,12.0,35.0,6.0
432,골목상권,2110580,양원초등학교,295,187,108,22,34,40,34,57,51,57,,,57,51,159,28.0,108,165,,40.0,46.0,62.0,85.0,40.0
433,골목상권,2110578,대흥역 2번,2129,1462,667,271,339,197,312,343,348,319,,87.0,749,456,704,133.0,1344,598,20.0,230.0,355.0,327.0,381.0,632.0
434,골목상권,2110575,대흥동주민센터,598,390,208,68,32,59,92,139,100,108,90.0,10.0,54,41,231,172.0,345,253,,145.0,148.0,84.0,138.0,83.0
435,골목상권,2110573,신촌역 6번,3921,3144,777,585,606,718,700,535,613,164,,897.0,1192,651,1181,,1907,1986,89.0,1819.0,845.0,443.0,608.0,89.0
436,골목상권,2110569,홍대땡땡거리,5169,3357,1812,766,557,443,820,771,851,961,,,1529,1074,2454,112.0,2899,2153,53.0,1931.0,1184.0,608.0,900.0,375.0
437,골목상권,2110564,홍대입구역 3번,366,244,122,33,25,55,54,77,89,33,62.0,,4,29,103,168.0,194,161,18.0,133.0,98.0,66.0,29.0,11.0
438,골목상권,2110558,경성고등학교,1219,816,403,88,106,123,175,324,184,219,,,192,175,720,132.0,657,465,,122.0,193.0,263.0,255.0,289.0
439,골목상권,2110557,홍대부속여중고앞,4012,2761,1251,488,245,827,360,841,629,622,178.0,97.0,608,263,2090,776.0,1800,1413,34.0,459.0,942.0,493.0,950.0,337.0
440,골목상권,2110551,성서초등학교,4450,3594,856,678,729,848,719,620,428,428,,724.0,1680,786,832,,1349,2388,77.0,911.0,1076.0,1054.0,486.0,135.0
441,골목상권,2110550,합정역 8번,20328,19646,682,3576,3535,4723,4237,3575,341,341,,327.0,4540,10655,4465,,4526,15461,217.0,1874.0,5437.0,11301.0,958.0,200.0
442,골목상권,2110544,망리단길,9360,5928,3432,1254,1210,567,1249,1648,1751,1681,,187.0,1753,2040,4358,1022.0,4221,5139,44.0,2496.0,2363.0,1808.0,1577.0,1072.0
443,골목상권,2110542,마포구청역 7번,68667,48614,20053,8590,9225,10013,9511,11275,10410,9643,44.0,3812.0,17992,10990,25015,10814.0,40265,28402,514.0,14515.0,17612.0,19881.0,12009.0,4136.0
444,골목상권,2110541,동교초등학교,2028,1613,415,372,234,291,295,421,203,212,,,489,500,881,158.0,635,1241,77.0,549.0,378.0,628.0,203.0,38.0
445,골목상권,2110536,돈의문센트레빌아파트입구,8032,6118,1914,1323,1086,1122,1401,1186,894,1020,,316.0,3098,1476,2980,162.0,4296,3151,216.0,1996.0,1765.0,1485.0,1180.0,809.0
446,골목상권,2110532,아현역 2번,243,164,79,32,19,52,19,42,32,47,5.0,,32,47,89,70.0,136,99,5.0,29.0,24.0,70.0,51.0,56.0
447,골목상권,2110529,홍제3동주민센터,360,174,186,12,66,18,18,60,84,102,,,72,72,198,18.0,162,162,12.0,36.0,24.0,54.0,138.0,60.0
448,골목상권,2110528,서울여자간호대학교,3230,2001,1229,565,22,496,496,422,506,723,,,413,589,1662,566.0,1706,1501,51.0,579.0,702.0,643.0,880.0,353.0
449,골목상권,2110525,홍은종합사회복지관,223,149,74,51,12,31,18,37,44,30,24.0,,18,31,114,36.0,77,141,6.0,32.0,25.0,12.0,102.0,39.0
450,골목상권,2110524,연희세브란스병원,34930,31070,3860,5847,6757,6002,6617,5847,1930,1930,,1176.0,18941,4462,8421,,8239,21962,420.0,13499.0,6364.0,3693.0,4924.0,1302.0
451,골목상권,2110516,정원여중,492,296,196,61,51,51,51,82,97,99,,,112,74,241,14.0,292,149,,81.0,105.0,137.0,59.0,59.0
452,골목상권,2110514,서대문우체국,515,447,68,92,71,72,113,99,34,34,8.0,,244,30,195,4.0,160,279,12.0,184.0,106.0,68.0,52.0,19.0
453,골목상권,2110511,연희초등학교,2987,1754,1233,278,346,417,313,400,520,713,,,607,521,1651,208.0,1477,1216,,591.0,661.0,364.0,747.0,330.0
454,골목상권,2110509,연희대우아파트앞,2767,2013,754,352,400,472,384,405,427,327,,631.0,903,592,641,,1312,1369,65.0,1071.0,811.0,308.0,324.0,104.0
455,골목상권,2110507,명지대학교,73504,53970,19534,10018,11335,10355,11556,10706,10279,9255,,8441.0,21565,14089,22487,6922.0,38121,35361,4408.0,24537.0,14916.0,15177.0,11308.0,3136.0
456,골목상권,2110503,명지대학교교회,8729,6586,2143,1245,1602,1430,1227,1082,1028,1115,,518.0,2893,1735,3489,94.0,4081,4488,526.0,3868.0,1315.0,1319.0,1303.0,240.0
457,골목상권,2110500,남가좌동현대아파트,955,503,452,105,106,118,62,112,199,253,,,223,174,478,80.0,522,401,,37.0,189.0,358.0,201.0,138.0
458,골목상권,2110499,연가초등학교,655,422,233,37,118,69,80,118,86,147,,,59,118,322,156.0,423,209,,112.0,139.0,161.0,145.0,75.0
459,골목상권,2110498,증산역 1번,6087,5132,955,828,1082,1032,1247,943,942,13,,1070.0,1465,1120,2432,,2661,3133,89.0,1554.0,1910.0,1312.0,752.0,179.0
460,골목상권,2110495,북가좌2동주민센터,2605,1541,1064,301,323,331,331,255,527,537,,,353,347,1435,139.0,1209,1065,76.0,366.0,280.0,680.0,581.0,291.0
461,골목상권,2110493,북가좌초등학교,226,136,90,26,21,14,40,35,28,62,7.0,,21,42,114,42.0,102,75,,7.0,14.0,63.0,62.0,35.0
462,골목상권,2110488,우리은행응암동지점,10515,8173,2342,1648,1457,1736,1519,1813,1320,1022,,734.0,2315,2008,4987,471.0,4671,5613,233.0,2267.0,3057.0,2420.0,1747.0,560.0
463,골목상권,2110485,연신내우체국,549,366,183,70,61,57,79,99,42,141,14.0,,56,74,254,151.0,345,190,,90.0,133.0,135.0,87.0,90.0
464,골목상권,2110483,연천초등학교,2551,1743,808,406,354,255,400,328,404,404,,540.0,582,410,615,,883,1228,26.0,476.0,538.0,481.0,402.0,188.0
465,골목상권,2110482,연신초등학교,693,433,260,103,109,68,67,86,115,145,,12.0,81,52,416,132.0,398,295,,69.0,133.0,173.0,192.0,126.0
466,골목상권,2110481,불광역 7번,20848,14915,5933,2834,2685,2805,2877,3714,3220,2713,1954.0,1524.0,4524,3785,6046,3015.0,11078,9632,726.0,5826.0,4685.0,3648.0,3139.0,2686.0
467,골목상권,2110478,응암1동주민센터,2262,2123,139,395,484,425,385,434,50,89,,10.0,1364,345,543,,1018,928,60.0,464.0,721.0,376.0,168.0,159.0
468,골목상권,2110475,백련산해모로아파트,2672,1908,764,284,318,440,387,479,253,511,,19.0,642,489,1387,135.0,1371,1147,7.0,369.0,623.0,568.0,611.0,341.0
469,골목상권,2110474,세명컴퓨터고등학교,2566,1616,950,384,273,247,329,383,402,548,,9.0,320,383,1589,265.0,1484,1027,54.0,458.0,844.0,568.0,275.0,312.0
470,골목상권,2110473,구산역 1번,21203,15372,5831,3055,2952,2833,3120,3412,3634,2197,,1838.0,4593,3966,9899,907.0,8491,12188,288.0,3744.0,4824.0,4864.0,4514.0,2447.0
471,골목상권,2110472,연신내역 4번,1502,954,548,280,141,63,235,235,328,220,,,157,125,829,391.0,846,625,,125.0,157.0,235.0,608.0,345.0
472,골목상권,2110469,응암정보도서관,2710,1755,955,349,319,289,349,449,490,465,,,290,437,1433,550.0,1497,1129,7.0,331.0,554.0,708.0,716.0,308.0
473,골목상권,2110468,응암역 3번,1398,774,624,10,239,143,162,220,336,288,,,163,259,861,115.0,732,618,19.0,182.0,289.0,299.0,347.0,213.0
474,골목상권,2110465,연신내역 7번,4650,3196,1454,660,637,660,512,727,698,756,,,119,786,2765,320.0,2029,1961,179.0,842.0,589.0,1008.0,894.0,478.0
475,골목상권,2110459,응암역 2번,3268,2113,1155,319,372,498,388,536,455,700,,9.0,584,732,1702,241.0,1660,1396,10.0,325.0,542.0,890.0,845.0,443.0
476,골목상권,2110458,선일여고,2506,2044,462,366,464,519,397,298,231,231,,,781,841,653,,996,1279,217.0,581.0,402.0,618.0,383.0,74.0
477,골목상권,2110456,구산보건지소,259,187,72,42,37,35,49,24,48,24,,,102,44,62,51.0,127,122,4.0,34.0,16.0,105.0,70.0,20.0
478,골목상권,2110455,역촌노인복지관,2699,1733,966,419,363,32,443,476,483,483,,,250,556,1514,379.0,1522,1177,155.0,530.0,523.0,574.0,664.0,253.0
479,골목상권,2110450,시립서북병원,5764,4512,1252,755,938,855,992,972,947,305,130.0,550.0,1362,1027,2103,592.0,2696,2911,179.0,1236.0,1092.0,1421.0,1107.0,570.0
480,골목상권,2110449,증산역 3번,3063,1739,1324,301,282,301,432,423,611,713,,,545,574,1775,169.0,1494,1278,,366.0,395.0,527.0,836.0,649.0
481,골목상권,2110448,상신초등학교입구,2815,1739,1076,133,245,583,286,492,492,584,,10.0,491,471,1618,225.0,1537,1247,40.0,433.0,815.0,631.0,567.0,299.0
482,골목상권,2110441,영신여고,653,427,226,70,83,84,60,130,107,119,,,36,153,286,178.0,332,297,,83.0,107.0,225.0,167.0,48.0
483,골목상권,2110438,경춘선숲길 우측,13689,10458,3231,1829,2227,2120,2087,2195,1416,1815,,1385.0,4279,2238,5378,409.0,5792,7183,460.0,5607.0,2414.0,1514.0,2377.0,605.0
484,골목상권,2110435,서울과학기술대,30528,21718,8810,4015,4262,4374,4732,4335,4339,4471,35.0,4672.0,9184,4465,8476,3696.0,16701,13071,1582.0,10909.0,6293.0,5026.0,4253.0,1707.0
485,골목상권,2110432,대진고등학교,1914,1516,398,274,326,336,321,259,199,199,,32.0,978,405,300,,921,763,59.0,563.0,292.0,423.0,290.0,58.0
486,골목상권,2110431,상계역,26570,18503,8067,3373,3448,3559,3620,4503,3869,4198,,229.0,7216,5851,11065,2209.0,13919,12651,1242.0,4654.0,4851.0,7092.0,6890.0,1841.0
487,골목상권,2110426,상계2동주민센터,1138,749,389,143,141,153,132,180,155,234,108.0,50.0,147,99,520,214.0,537,531,28.0,179.0,127.0,258.0,310.0,164.0
488,골목상권,2110425,계상초등학교,2947,1751,1196,231,449,288,300,483,552,644,,,818,460,1415,254.0,1588,1266,70.0,529.0,564.0,679.0,714.0,300.0
489,골목상권,2110422,노원역 9번,1739,1034,705,209,286,175,161,203,314,391,7.0,28.0,273,252,878,301.0,907,727,,140.0,266.0,574.0,490.0,168.0
490,골목상권,2110421,석계역 1번,75493,54351,21142,10327,9275,10780,10888,13081,11051,10091,90.0,1377.0,15382,13534,29384,15726.0,44273,30768,2636.0,22119.0,18549.0,14630.0,12385.0,4721.0
491,골목상권,2110420,광운대역 1번,835,619,216,62,108,154,139,156,93,123,,,247,92,419,77.0,325,325,15.0,216.0,76.0,154.0,139.0,46.0
492,골목상권,2110418,광운대학교 남단,2632,2023,609,346,479,436,346,416,284,325,,,540,540,1434,118.0,1316,1004,117.0,645.0,339.0,512.0,360.0,347.0
493,골목상권,2110415,수락산역 4번,4380,2897,1483,668,640,383,605,601,670,813,9.0,,707,759,2119,786.0,2485,1849,117.0,1142.0,711.0,725.0,1058.0,581.0
494,골목상권,2110413,누원고등학교,1587,912,675,154,105,218,189,246,294,381,,,231,434,894,28.0,835,752,42.0,112.0,238.0,357.0,416.0,422.0
495,골목상권,2110410,방학역 2번,9151,6119,3032,1166,1059,1290,1084,1520,1441,1591,23.0,130.0,2293,1899,3958,848.0,4893,3902,166.0,1189.0,1647.0,2189.0,2217.0,1385.0
496,골목상권,2110409,창동역 2번,1556,1066,490,232,213,218,209,194,194,296,,,195,224,938,199.0,834,722,30.0,344.0,379.0,356.0,341.0,106.0
497,골목상권,2110408,가인초등학교,1595,1109,486,162,198,180,186,383,240,246,,6.0,282,306,935,66.0,795,782,,146.0,346.0,394.0,467.0,224.0
498,골목상권,2110407,도봉역 2번,3430,2389,1041,399,387,269,533,801,585,456,,9.0,821,575,1812,213.0,1597,1606,15.0,279.0,562.0,805.0,866.0,680.0
499,골목상권,2110405,방학역 1번,54592,37883,16709,6901,7333,7564,7705,8380,8357,8352,1341.0,9754.0,13267,9503,13911,6816.0,31466,22434,901.0,9706.0,15868.0,13846.0,8304.0,5273.0
500,골목상권,2110404,신창초등학교,264,152,112,40,40,32,24,16,56,56,,,8,16,136,48.0,120,88,,8.0,48.0,48.0,80.0,24.0
501,골목상권,2110400,도봉구보건소,3798,3099,699,491,687,780,523,618,460,239,6.0,316.0,1702,637,1050,87.0,1476,2024,,359.0,435.0,1275.0,968.0,467.0
502,골목상권,2110399,창2동주민센터,294,206,88,57,37,57,25,30,36,52,,,25,35,172,5.0,160,77,,20.0,64.0,41.0,71.0,41.0
503,골목상권,2110398,쌍문2동우체국,78752,52580,26172,10521,9503,10285,10578,11693,13754,12418,2934.0,19221.0,16950,13068,16452,10127.0,46011,32741,1272.0,13033.0,24873.0,22344.0,11538.0,5692.0
504,골목상권,2110393,국민은행방학지점,8673,5506,3167,885,1159,1078,1146,1238,1340,1827,,,1181,1590,4517,1385.0,4646,4027,147.0,1665.0,1096.0,2249.0,2329.0,1187.0
505,골목상권,2110383,덕성여대시반거리,29188,19873,9315,3582,3847,3845,4029,4570,4675,4640,,851.0,6333,5689,8865,7450.0,17324,11588,211.0,6055.0,7220.0,6997.0,5543.0,2887.0
506,골목상권,2110379,KT&G 북부지사,327,205,122,29,51,37,37,51,7,115,,,100,45,108,37.0,211,65,7.0,44.0,59.0,57.0,80.0,29.0
507,골목상권,2110378,송중동주민센터,686,445,241,114,119,72,33,107,121,120,,,53,80,306,247.0,359,266,,93.0,113.0,167.0,207.0,47.0
508,골목상권,2110376,수송초등학교,210,102,108,27,16,27,16,16,32,76,16.0,,5,27,80,55.0,92,81,,32.0,27.0,43.0,27.0,43.0
509,골목상권,2110374,송중초등학교,1479,1041,438,168,266,161,201,245,183,255,178.0,,33,63,711,494.0,1075,394,10.0,109.0,145.0,401.0,607.0,196.0
510,골목상권,2110371,삼양입구사거리,3373,1968,1405,304,328,230,603,503,553,852,,,368,637,2030,338.0,2014,1297,57.0,493.0,671.0,871.0,860.0,359.0
511,골목상권,2110369,성신여대운정그린캠퍼스,786,531,255,183,103,71,102,72,122,133,,,112,123,327,224.0,445,321,,83.0,135.0,197.0,249.0,103.0
512,골목상권,2110363,송천동주민센터,536,379,157,46,51,97,101,84,71,86,,,81,62,273,120.0,294,218,,29.0,108.0,84.0,150.0,139.0
513,골목상권,2110355,삼양사거리역 2번,5178,3354,1824,783,608,617,651,695,798,1026,,11.0,630,930,2864,743.0,3011,2144,107.0,927.0,825.0,1573.0,1309.0,416.0
514,골목상권,2110353,수유동우체국,2442,1525,917,380,123,227,286,509,333,584,,,488,419,1155,380.0,1507,871,,286.0,428.0,572.0,564.0,528.0
515,골목상권,2110349,화계역 2번,4895,3089,1806,459,528,620,620,862,863,943,,,471,654,2552,598.0,2439,1836,58.0,907.0,1031.0,801.0,909.0,569.0
516,골목상권,2110343,무너미어린이공원,1734,1049,685,198,218,255,161,217,356,329,,6.0,206,342,900,280.0,1093,610,24.0,284.0,461.0,392.0,354.0,187.0
517,골목상권,2110335,석계역 7번,2171,1297,874,381,204,320,165,227,361,513,15.0,21.0,296,310,1056,473.0,1491,623,,158.0,615.0,445.0,513.0,384.0
518,골목상권,2110333,돌곶이역 5번,27768,18844,8924,3692,3422,3423,3858,4449,4361,4563,,1407.0,7921,6094,9611,2735.0,16259,11284,550.0,4633.0,7177.0,7175.0,5738.0,2268.0
519,골목상권,2110331,돌곶이역 8번,3212,2218,994,476,396,346,480,520,529,465,,5.0,441,500,1682,584.0,1864,1333,25.0,401.0,771.0,665.0,753.0,582.0
520,골목상권,2110323,상월곡역 1번,3024,2381,643,454,491,487,500,449,326,317,,,873,564,1291,296.0,1138,1781,126.0,816.0,479.0,677.0,667.0,152.0
521,골목상권,2110322,장위1동주민센터,7060,4623,2437,987,912,912,666,1146,1175,1262,,,826,1261,3786,275.0,3284,2791,29.0,1329.0,1023.0,1796.0,1269.0,628.0
522,골목상권,2110316,숭곡초등학교,4911,3689,1222,743,757,730,571,888,611,611,,797.0,1326,850,1181,146.0,1910,2377,26.0,697.0,1148.0,1414.0,749.0,253.0
523,골목상권,2110315,종암아이파크2차,7342,4438,2904,249,1027,690,1048,1424,1190,1714,232.0,,972,1022,3985,1131.0,4125,3110,115.0,1800.0,1420.0,1950.0,1501.0,449.0
524,골목상권,2110313,안암역 3번,51314,39465,11849,7755,8008,8064,8185,7453,4903,6946,73.0,2573.0,17434,8828,18837,3569.0,30654,19662,1288.0,22847.0,9602.0,6838.0,7704.0,2033.0
525,골목상권,2110308,길음역 8번,1258,877,381,125,85,125,160,382,155,226,,5.0,255,180,718,100.0,593,446,,160.0,180.0,335.0,250.0,110.0
526,골목상권,2110300,삼선동주민센터,449,219,230,34,24,47,57,57,93,137,45.0,,82,70,147,105.0,288,150,,35.0,35.0,93.0,218.0,58.0
527,골목상권,2110299,정릉역 1번,283,169,114,14,14,14,57,70,100,14,,,14,70,115,84.0,84,184,,,56.0,56.0,70.0,86.0
528,골목상권,2110297,경동고등학교,685,417,268,85,12,99,116,105,125,143,,,24,75,388,198.0,431,187,6.0,82.0,81.0,144.0,199.0,106.0
529,골목상권,2110296,성신여대입구역 4번,1715,897,818,231,145,128,137,256,324,494,,,341,197,1075,102.0,784,821,,147.0,228.0,424.0,443.0,362.0
530,골목상권,2110295,정릉우체국,44551,33047,11504,6112,6369,6768,7153,6645,6650,4854,70.0,2685.0,11097,11023,15371,4305.0,17823,25715,2896.0,12886.0,9475.0,8915.0,6711.0,2658.0
531,골목상권,2110291,한성대입구역 3번,4066,2792,1274,555,480,542,582,633,689,585,,74.0,750,776,2055,411.0,2294,1705,135.0,966.0,815.0,879.0,694.0,510.0
532,골목상권,2110287,정릉3동주민센터,785,561,224,79,113,145,86,138,98,126,27.0,,46,164,337,211.0,439,326,,220.0,212.0,140.0,186.0,7.0
533,골목상권,2110278,망우본동주민센터,1523,1006,517,205,205,241,195,160,220,297,,5.0,215,355,743,205.0,748,764,50.0,308.0,308.0,293.0,400.0,153.0
534,골목상권,2110274,서일대학교,7435,5946,1489,1149,1199,1090,1382,1126,852,637,,195.0,3763,1526,1941,10.0,4085,3256,794.0,2880.0,1131.0,1061.0,1194.0,280.0
535,골목상권,2110272,신내1동주민센터,9013,6671,2342,1098,1306,1499,1202,1566,1321,1021,,1483.0,2546,1706,2927,351.0,3654,4997,276.0,1369.0,1903.0,2150.0,2052.0,901.0
536,골목상권,2110267,망우역 2번,333,213,120,15,4,70,63,61,42,78,,,43,74,184,32.0,153,176,14.0,36.0,39.0,78.0,113.0,50.0
537,골목상권,2110266,면목동우체국,4247,2780,1467,388,658,507,550,677,634,833,,124.0,788,782,1846,707.0,2105,2117,124.0,789.0,1004.0,965.0,884.0,456.0
538,골목상권,2110265,망우역 1번,36368,26357,10011,4699,3678,2657,3269,12054,4904,5107,,,3269,7559,21249,4291.0,23291,11851,204.0,9602.0,10829.0,2860.0,7560.0,4086.0
539,골목상권,2110263,면목역 1번,203,128,75,30,30,38,6,24,45,30,,,37,31,92,43.0,129,74,,31.0,24.0,18.0,81.0,49.0
540,골목상권,2110261,사가정역 4번,2075,1359,716,219,167,363,230,380,324,392,,5.0,192,334,1205,339.0,1188,887,31.0,468.0,442.0,383.0,478.0,273.0
541,골목상권,2110258,면동초등학교,13049,9274,3775,1728,2068,1889,1843,1746,1959,1816,,1381.0,2325,2129,5869,1345.0,6330,6611,180.0,3432.0,3403.0,2630.0,2477.0,820.0
542,골목상권,2110257,상봉역 7번,48830,29827,19003,6742,5107,5312,5515,7151,10421,8582,1226.0,,5312,6742,28195,7355.0,27581,19614,204.0,6742.0,11645.0,7559.0,13485.0,7559.0
543,골목상권,2110255,상봉역 4번,387,282,105,24,97,16,64,81,89,16,33.0,,32,40,161,121.0,218,160,,32.0,64.0,130.0,96.0,56.0
544,골목상권,2110253,중곡초등학교,1675,1013,662,195,195,143,169,311,286,376,,,169,221,869,416.0,914,671,,317.0,355.0,344.0,371.0,198.0
545,골목상권,2110249,중화역 1번,21293,15840,5453,3168,3090,2965,3142,3475,2558,2895,172.0,322.0,4860,4260,9262,2417.0,10765,10421,1277.0,5895.0,4928.0,3716.0,3696.0,1674.0
546,골목상권,2110247,먹골역 1번,11238,7225,4013,1269,1524,1552,1367,1513,2040,1973,,1670.0,2139,2002,4919,508.0,6101,4922,128.0,2462.0,2720.0,2814.0,2119.0,780.0
547,골목상권,2110240,태릉시장 특화거리,1917,1450,467,313,243,280,317,297,340,127,,122.0,334,413,757,291.0,1176,741,10.0,628.0,538.0,337.0,272.0,132.0
548,골목상권,2110234,중랑역 4번,28815,20645,8170,4025,4034,3990,4085,4511,4196,3974,,2965.0,8331,5127,10965,1427.0,15894,12921,529.0,9377.0,7913.0,5390.0,3821.0,1785.0
549,골목상권,2110232,동대부고,1181,812,369,158,98,158,188,210,203,166,,,165,135,783,98.0,609,473,8.0,106.0,293.0,279.0,263.0,136.0
550,골목상권,2110228,장안근린공원,3338,2314,1024,457,507,457,457,436,497,527,,,446,416,1775,244.0,1663,1218,50.0,745.0,496.0,630.0,703.0,257.0
551,골목상권,2110226,장안1동주민센터,1150,754,396,164,134,119,131,206,196,200,80.0,,75,168,554,273.0,613,482,,111.0,180.0,223.0,353.0,230.0
552,골목상권,2110225,촬영소사거리,1929,1258,671,259,183,213,206,397,297,374,,,252,374,1097,206.0,1174,603,30.0,175.0,327.0,557.0,434.0,251.0
553,골목상권,2110220,외대앞역 1번,6570,4330,2240,878,649,850,827,1126,1031,1209,,22.0,1251,1112,3750,435.0,3692,2817,73.0,2822.0,1002.0,952.0,1272.0,388.0
554,골목상권,2110219,삼육보건대학교,2867,2073,794,413,523,411,429,297,112,682,,184.0,1051,726,825,81.0,1391,1476,56.0,1019.0,578.0,670.0,354.0,190.0
555,골목상권,2110216,전농중학교,13761,9538,4223,1804,1824,1757,1954,2199,2028,2195,,1865.0,3642,2395,3650,2209.0,7478,6283,665.0,3162.0,3405.0,3531.0,2204.0,794.0
556,골목상권,2110215,회기역 1번,2703,1860,843,392,350,433,332,353,409,434,,,1089,384,1230,,1576,1058,24.0,1524.0,540.0,136.0,317.0,92.0
557,골목상권,2110212,답십리초등학교,6515,4174,2341,984,727,799,674,990,1117,1224,,46.0,1790,1235,3134,310.0,3298,2966,66.0,833.0,1499.0,2009.0,1276.0,582.0
558,골목상권,2110211,전곡마을마당공원,4975,3370,1605,600,623,659,772,716,750,855,,,820,797,3000,358.0,2936,2039,81.0,1585.0,944.0,793.0,1223.0,349.0
559,골목상권,2110210,서울시립대,7203,5565,1638,921,1061,1311,1108,1164,819,819,,1844.0,2168,1304,1068,,2906,3452,219.0,2468.0,1261.0,1115.0,1058.0,237.0
560,골목상권,2110205,경희대삼거리,2044,1335,709,49,354,232,283,417,367,342,,,109,429,1237,269.0,1077,943,24.0,1029.0,195.0,73.0,465.0,232.0
561,골목상권,2110194,홍파초등학교,1916,1576,340,161,307,428,365,315,170,170,,533.0,557,461,195,,760,783,153.0,283.0,468.0,372.0,202.0,64.0
562,골목상권,2110192,동의보감타워,6029,4095,1934,785,835,735,774,966,845,1089,,80.0,1128,1117,2889,815.0,3562,2467,112.0,1208.0,1373.0,1229.0,1288.0,819.0
563,골목상권,2110191,고려대역 6번,782,560,222,68,126,125,110,131,115,107,50.0,,168,70,390,104.0,326,394,6.0,216.0,98.0,121.0,241.0,38.0
564,골목상권,2110190,고대앞사거리,695,417,278,95,58,81,80,103,125,153,,,183,102,248,162.0,381,314,38.0,112.0,157.0,68.0,200.0,120.0
565,골목상권,2110182,용두희망어린이공원,2517,1775,742,424,332,292,291,436,371,371,,,331,224,1353,238.0,1377,609,,781.0,423.0,225.0,331.0,224.0
566,골목상권,2110178,장로회신학대학교,2168,1736,432,319,397,381,325,314,404,28,,194.0,945,574,455,,1007,1041,40.0,467.0,415.0,660.0,399.0,68.0
567,골목상권,2110172,광진초등학교,199,106,93,4,47,8,18,29,56,37,4.0,,21,25,82,67.0,63,128,,17.0,8.0,12.0,81.0,72.0
568,골목상권,2110170,동대부여고,409,237,172,56,36,7,41,97,61,111,,,33,70,235,71.0,214,102,7.0,37.0,44.0,90.0,78.0,57.0
569,골목상권,2110168,대원고등학교,2154,1498,656,49,359,447,297,346,372,284,100.0,,458,372,1051,173.0,1442,712,104.0,281.0,610.0,446.0,533.0,180.0
570,골목상권,2110167,용마초등학교,3127,1836,1291,290,426,368,329,423,644,647,,,461,428,1905,333.0,1770,1265,,417.0,671.0,817.0,653.0,476.0
571,골목상권,2110166,구의1동주민센터,3924,3008,916,527,606,720,502,653,563,353,,120.0,956,951,1519,378.0,2115,1809,184.0,1255.0,664.0,837.0,514.0,470.0
572,골목상권,2110162,군자역 4번,3358,2390,968,449,499,499,378,565,454,514,,,294,506,1630,429.0,1757,1102,32.0,713.0,693.0,642.0,571.0,208.0
573,골목상권,2110161,중곡역 3번,5588,4177,1411,778,900,900,855,744,689,722,,378.0,1598,1000,1712,,2431,2257,33.0,1235.0,1832.0,901.0,439.0,248.0
574,골목상권,2110159,구의역 4번,2997,2001,996,303,581,461,341,315,559,437,,,692,291,1880,134.0,1614,837,,254.0,449.0,485.0,789.0,473.0
575,골목상권,2110157,자양동우체국,945,616,329,154,110,11,231,110,121,208,,11.0,176,154,549,55.0,545,400,11.0,78.0,233.0,167.0,344.0,112.0
576,골목상권,2110155,광진구청,3126,2210,916,438,367,417,387,601,427,489,,10.0,754,469,1629,264.0,1375,835,20.0,621.0,601.0,376.0,398.0,193.0
577,골목상권,2110151,자양한강도서관,6292,4067,2225,710,861,839,627,1030,1064,1161,18.0,,666,924,3102,1582.0,3187,3006,106.0,1711.0,1188.0,1065.0,1370.0,753.0
578,골목상권,2110148,어린이대공원역 3번,8507,7647,860,1302,1529,1668,1774,1374,854,6,,2175.0,2819,1541,1826,146.0,4175,3792,320.0,4362.0,1325.0,832.0,995.0,134.0
579,골목상권,2110140,건대입구역 6번,479,329,150,46,104,52,64,63,46,104,6.0,,18,64,206,185.0,281,198,,71.0,58.0,64.0,211.0,75.0
580,골목상권,2110139,자양4동주민센터,1586,1050,536,231,200,231,188,200,261,275,,6.0,193,187,732,237.0,829,501,25.0,336.0,209.0,279.0,342.0,138.0
581,골목상권,2110138,송정체육공원,1418,774,644,161,196,24,139,254,334,310,116.0,,24,185,586,507.0,721,697,,257.0,141.0,336.0,498.0,186.0
582,골목상권,2110134,성수119안전센터,1839,1143,696,230,208,189,238,278,337,359,,,301,354,1086,98.0,760,731,,420.0,437.0,236.0,242.0,155.0
583,골목상권,2110131,성수동카페거리,1559,1052,507,129,110,228,246,339,332,175,207.0,,129,77,442,704.0,753,668,19.0,571.0,532.0,136.0,136.0,26.0
584,골목상권,2110128,성원중학교,8159,5364,2795,1128,1007,859,1023,1347,1065,1730,,114.0,1153,1077,4309,1506.0,4667,3280,267.0,1632.0,2069.0,1340.0,1520.0,1120.0
585,골목상권,2110125,사근동살곶이상점가,3496,3299,197,534,748,745,655,617,119,78,,175.0,1530,641,1118,32.0,1692,1714,165.0,2252.0,461.0,154.0,331.0,43.0
586,골목상권,2110122,마장역 2번,1361,910,451,148,239,148,199,176,208,243,,,204,254,755,,764,429,52.0,338.0,238.0,207.0,268.0,90.0
587,골목상권,2110121,한양대역 4번,71111,52376,18735,9756,9931,10593,11020,11076,9411,9324,5759.0,9834.0,17470,8609,19493,9946.0,47555,22987,2988.0,37848.0,14419.0,7145.0,5943.0,2198.0
588,골목상권,2110119,마장지하차도,1431,958,473,187,187,181,210,193,228,245,,,316,269,788,58.0,619,531,6.0,123.0,239.0,245.0,286.0,251.0
589,골목상권,2110118,왕십리역 9번,1629,977,652,180,126,180,224,267,379,273,78.0,,156,331,622,442.0,1112,517,230.0,863.0,269.0,205.0,62.0,
590,골목상권,2110115,상왕십리역 3번,136,56,80,8,8,8,8,24,56,24,,,32,8,64,16.0,40,56,,8.0,24.0,8.0,40.0,16.0
591,골목상권,2110112,행당역 2번,9090,6234,2856,1181,1139,1454,1106,1354,1364,1492,,1742.0,2757,1999,2592,,3881,4992,602.0,1877.0,1853.0,2437.0,1655.0,447.0
592,골목상권,2110105,금동어린이공원,551,301,250,65,54,64,54,64,74,176,9.0,,82,83,221,156.0,202,276,9.0,91.0,64.0,74.0,175.0,65.0
593,골목상권,2110103,옥수터널,2986,1970,1016,243,404,219,578,526,497,519,,,520,503,1772,191.0,1490,1242,6.0,150.0,612.0,751.0,774.0,439.0
594,골목상권,2110102,옥수역 6번,2668,1711,957,305,361,291,328,426,542,415,,,804,421,1406,37.0,1040,1486,,419.0,568.0,600.0,556.0,383.0
595,골목상권,2110098,서울독일학교,25406,16486,8920,3194,2857,3099,3019,4317,4973,3947,,,7430,4848,12598,530.0,10415,12583,400.0,10960.0,7032.0,2328.0,1396.0,883.0
596,골목상권,2110095,한강진역 3번,6692,4610,2082,967,686,967,1042,948,1041,1041,,5.0,2221,775,1683,,1078,3032,55.0,1668.0,1280.0,574.0,423.0,110.0
597,골목상권,2110093,우사단길,228,139,89,22,38,29,29,21,52,37,,,74,95,59,,117,111,,89.0,110.0,14.0,15.0,
598,골목상권,2110092,NH농협은행 보광동지점,1154,696,458,117,118,118,193,150,266,192,22.0,,11,171,405,427.0,545,320,,225.0,96.0,245.0,256.0,43.0
599,골목상권,2110090,한국폴리텍대학서울정수캠퍼스,2804,1846,958,89,510,378,383,486,383,575,,10.0,279,614,1464,437.0,1642,1113,39.0,646.0,690.0,562.0,538.0,280.0
600,골목상권,2110085,경리단길남측,1311,931,380,100,191,180,171,289,211,169,,,130,100,461,620.0,504,678,,231.0,201.0,504.0,216.0,28.0
601,골목상권,2110084,경리단길북측,1487,837,650,182,23,199,216,217,302,348,,,200,279,786,222.0,924,519,6.0,302.0,432.0,336.0,234.0,131.0
602,골목상권,2110082,용산구청,8983,4966,4017,1076,718,917,844,1411,2058,1959,,,1929,2300,4636,118.0,4219,4655,200.0,5119.0,2352.0,504.0,585.0,114.0
603,골목상권,2110081,해방촌 남동측,30635,16390,14245,2206,2899,2931,3250,5104,7691,6554,137.0,230.0,6582,6880,13676,3130.0,15210,15014,448.0,13102.0,9806.0,3727.0,2326.0,814.0
604,골목상권,2110080,해방촌예술마을,26949,14167,12782,3186,2324,2811,2211,3635,6524,6258,,2736.0,11658,9857,2698,,9135,17814,378.0,13722.0,8605.0,2387.0,1631.0,226.0
605,골목상권,2110075,숙대입구역 1번,1233,830,403,144,159,176,150,201,201,202,,,327,243,604,59.0,587,453,,210.0,168.0,201.0,319.0,143.0
606,골목상권,2110074,서울역 12번,8359,7179,1180,1292,1550,1441,1544,1352,529,651,,536.0,4595,403,2486,339.0,3408,3117,56.0,1877.0,2112.0,1147.0,1229.0,104.0
607,골목상권,2110070,용산세무서,466,293,173,67,70,45,40,71,86,87,,,111,82,212,61.0,222,193,,36.0,49.0,91.0,116.0,124.0
608,골목상권,2110069,숙대입구,72567,58300,14267,10728,11937,12771,12072,10792,8093,6174,207.0,4865.0,27679,13441,25094,1281.0,19015,50358,3938.0,36560.0,10895.0,7860.0,8307.0,1819.0
609,골목상권,2110064,효창공원앞역 2번,6836,5446,1390,1104,1113,1088,1100,1041,924,466,,643.0,1612,1485,2849,247.0,3145,3434,87.0,1385.0,1787.0,1613.0,1117.0,588.0
610,골목상권,2110054,청구역 3번,3693,2851,842,522,539,490,658,642,404,438,,17.0,944,708,1906,118.0,1721,1130,,523.0,523.0,658.0,758.0,388.0
611,골목상권,2110053,청구역 1번,938,666,272,159,148,161,24,174,124,148,,,197,209,458,74.0,457,407,,123.0,111.0,99.0,419.0,111.0
612,골목상권,2110052,장충초등학교,323,267,56,46,42,51,82,46,41,15,,,109,30,149,35.0,144,153,15.0,103.0,20.0,20.0,113.0,25.0
613,골목상권,2110051,한양공고앞 교차로,1934,1269,665,261,225,302,266,215,236,429,235.0,26.0,271,353,732,317.0,1133,715,35.0,550.0,376.0,460.0,306.0,120.0
614,골목상권,2110049,장충단 고개,19878,15658,4220,2985,2994,3168,3142,3369,2010,2210,,2124.0,6824,3194,7301,435.0,8581,10053,262.0,5909.0,5587.0,2759.0,2358.0,1758.0
615,골목상권,2110035,동묘앞역 2번,5967,4289,1678,704,653,965,900,1067,839,839,,1036.0,1450,860,1782,,2185,2849,41.0,1612.0,1748.0,811.0,551.0,271.0
616,골목상권,2110021,성균관대학교,18182,15958,2224,3518,3330,2687,3399,3024,1821,403,,803.0,7011,2999,7129,240.0,7864,10025,398.0,7553.0,3991.0,1488.0,3814.0,647.0
617,골목상권,2110019,창덕궁,3087,2600,487,398,660,609,410,523,337,150,,37.0,2340,249,461,,1119,1580,49.0,697.0,709.0,486.0,498.0,262.0
618,골목상권,2110018,중앙고등학교,7421,3915,3506,684,673,755,703,1100,1965,1541,,24.0,1664,3202,2508,23.0,3354,3863,597.0,1786.0,1575.0,2068.0,954.0,238.0
619,골목상권,2110010,평창동서측,1817,1275,542,257,224,175,335,284,257,285,5.0,56.0,628,445,646,37.0,821,863,106.0,119.0,202.0,533.0,450.0,276.0
620,골목상권,2110005,세검정,1279,868,411,149,213,149,183,174,198,213,,,322,213,525,70.0,297,709,5.0,130.0,217.0,272.0,237.0,145.0
621,골목상권,2110002,독립문역 1번,3174,2086,1088,473,245,421,298,649,596,492,,,860,561,1385,368.0,1824,842,,245.0,473.0,806.0,701.0,438.0
