,구상권코드,상권코드명,행정동코드
0,2110753,시흥동 은행나무사거리,11545710
1,2110427,노원 을지대학교병원,11350611
2,2110755,동일여자고등학교,11545680
3,2110739,시흥3동 우편취급국,11545690
4,2111017,송파나루역 3번,11710562
5,2110249,중화역 1번,11260600
6,2110963,역삼월드메르디앙아파트,11680640
7,2110332,돌곶이역 3번,11290770
8,2110245,KB국민은행 중화동지점,11260610
9,2110719,영서중학교,11530540
10,2110932,서울시인재개발원,11650510
11,2110933,한국상담대학원대학교,11650510
12,2110868,남부초등학교,11620685
13,2110395,신한은행 방학동지점,11320690
14,2110393,국민은행방학지점,11320710
15,2110114,왕십리파출소,11200535
16,2110760,선유도역 6번,11560620
17,2111068,강동성심병원,11740685
18,2110619,목4동주민센터,11470540
19,2110093,우사단길,11170685
20,2110734,금천파출소,11545670
21,2111030,방이역 2번,11710570
22,2110573,신촌역 6번,11440600
23,2110053,청구역 1번,11140615
24,2110972,강남세브란스병원미래의학연구센터,11680650
25,2110911,방배배수지체육공원,11650620
26,2110969,베르사이유1아파트,11680650
27,2111002,한국교통안전공단 강남자동차검사소,11680700
28,2110863,난우초등학교,11620765
29,2110751,난곡중학교,11545630
30,2110993,개포지하차도 북측,11680660
31,2110725,가산동주민센터,11545510
32,2110723,가산디지털단지역 1번 출입구,11545510
33,2110938,바우뫼공원,11650651
34,2110999,윗방죽마을공원,11680700
35,2110941,언남고등학교,11650652
36,2110087,이태원엔틱가구거리,11170650
37,2110094,오산중학교,11170700
38,2110262,상봉역 3번,11260590
39,2110279,신내역 2번,11260655
40,2110107,금호사거리,11200620
41,2110576,대흥역 3번,11440600
42,2111010,석촌역 7번,11710600
43,2110098,서울독일학교,11170685
44,2110669,화곡보람2차아파트,11500591
45,2111081,둔촌푸르지오아파트,11740700
46,2110331,돌곶이역 8번,11290810
47,2110786,당산역 8번,11560560
48,2110956,언주역 8번,11680640
49,2111003,삼전역 4번,11710650
50,2110565,홍익대,11440655
51,2110149,세종대학교,11215730
52,2110110,상왕십리역 6번,11200520
53,2110539,미근동,11410565
54,2110505,홍남교남측,11410615
55,2110055,황학동벼룩시장,11140670
56,2110122,마장역 2번,11200540
57,2111065,천일초등학교,11740620
58,2110305,보문역 5번,11290600
59,2110499,연가초등학교,11410720
60,2110150,중곡1동 마을마당,11215740
61,2110236,신묵초등학교,11260630
62,2111023,문정역 1번,11710641
63,2110925,서초중학교,11650530
64,2110910,내방역 5번,11650621
65,2110775,대동초등학교,11560710
66,2110854,조원동주민센터,11620725
67,2110853,KT구로지사,11620725
68,2110918,방배역 3번,11650600
69,2110243,중랑노인종합복지관,11260520
70,2110935,한전아트센터,11650520
71,2110585,마포경찰서,11440555
72,2110871,신원동주민센터,11620655
73,2110811,보라매역 4번,11560680
74,2110992,도곡초등학교,11680630
75,2111043,마천공원,11710550
76,2111039,벌말어린이공원,11710570
77,2110771,대림역 11번,11560710
78,2110700,고척초등학교,11530720
79,2110903,방배아이파크아파트,11650590
80,2110709,구로119안전센터,11530530
81,2110986,삼성중앙역 7번,11680590
82,2110949,한남IC,11680510
83,2111026,문정역 2번,11710641
84,2110621,목동역 5번,11470510
85,2110684,서울공연예술고등학교,11530790
86,2110757,양평역 2번,11560610
87,2110878,미림여고,11620745
88,2110866,난우중학교,11620775
89,2110379,KT&G 북부지사,11305590
90,2110882,신성초등학교,11620665
91,2110724,금천구립가산도서관,11545510
92,2110926,신중초등학교,11650530
93,2111016,송파역 2번,11710590
94,2110223,군자초등학교,11230650
95,2110648,양천향교역 7번,11500603
96,2110629,송정역 4번,11500620
97,2110023,서울대병원,11110640
98,2110946,청계산원터골,11650652
99,2110160,광진경찰서,11215850
100,2110923,방배역 1번,11650620
101,2110788,영등포시장역 3번,11560535
102,2111011,잠실나루역,11710690
103,2110950,논현역 7번,11680521
104,2110991,삼성중앙역 5번,11680580
105,2110774,당산반도유보라팰리스아파트,11560560
106,2110796,한림대학교한강성심병원,11560535
107,2110601,신월1동우편취급국,11470560
108,2110687,"천왕역 3번(오류2동주민센터, 서울오류남초등학교)",11530780
109,2110618,강서고등학교,11470540
110,2110545,마포구청역 1번,11440730
111,2110460,구산역 4번,11380552
112,2110483,연천초등학교,11380530
113,2110906,서문여고,11650621
114,2110626,양화초등학교,11470520
115,2110745,독산동정훈단지,11545620
116,2110790,대림1동주민센터,11560670
117,2110795,도림초등학교,11560650
118,2110501,연희어린이공원,11410615
119,2110514,서대문우체국,11410585
120,2110838,상도1동주민센터앞,11590530
121,2110488,우리은행응암동지점,11380580
122,2110288,동구여중,11290525
123,2110204,간데메공원,11230600
124,2110340,인수중학교,11305660
125,2110011,청운초등학교,11110515
126,2110189,제기동역 1번,11230545
127,2110231,장안교,11230660
128,2110475,백련산해모로아파트,11380580
129,2110890,봉천역 1번(관악초등학교),11620595
130,2110435,서울과학기술대,11350600
131,2110401,도봉구민회관,11320515
132,2110337,아카데미하우스,11305660
133,2110195,동대문구청,11230536
134,2110388,도봉우체국,11320680
135,2110224,외대앞역 2번,11230720
136,2110246,월드순복음교회,11260590
137,2110423,석계역 2번,11350560
138,2110271,신내역 1번,11260680
139,2110104,신금호역 4번,11200615
140,2110193,고려대역 4번,11230545
141,2110373,수유역 2번,11305590
142,2110960,은광여고,11680655
143,2111055,선사초등학교,11740580
144,2110773,당산역 13번,11560620
145,2110072,열정도,11170560
146,2110121,한양대역 4번,11200550
147,2110990,청담역 12번,11680565
148,2110797,KT대방빌딩,11560680
149,2110100,옥수동우편취급국,11200645
150,2110091,리움미술관,11170685
151,2110805,신길새마을금고신길4동지점,11560660
152,2110663,우장산롯데캐슬아파트앞,11500591
153,2110530,아현역 1번,11410555
154,2110026,종로5가역 4번,11110630
155,2110043,충무초등학교,11140580
156,2110564,홍대입구역 3번,11440660
157,2110948,헌인가구단지,11650660
158,2110238,배꽃어린이공원,11260610
159,2110914,내방역 6번,11650621
160,2110880,신림역 1번,11620645
161,2110779,대림갑을명가아파트,11560700
162,2110791,신풍역 3번,11560670
163,2111037,Sh수협은행 오금동금융센터(아랫말어린이공원),11710570
164,2110705,고산초등학교,11530720
165,2110570,KB국민은행 서강지점,11440630
166,2110921,서울프랑스학교,11650581
167,2110798,신풍역 2번,11560680
168,2110852,이수역 9번,11590620
169,2110343,무너미어린이공원,11305645
170,2110523,홍제성원아파트,11410620
171,2110200,동대문경찰서,11230705
172,2110965,언주역 6번,11680640
173,2110275,하나은행 망우동지점,11260655
174,2110298,솔숲어린이공원,11290620
175,2110347,구세군강북종합사회복지관,11305534
176,2110383,덕성여대시반거리,11320660
177,2110389,한일병원,11320680
178,2110342,국립재활원,11305660
179,2110412,창동중학교,11320690
180,2110320,KB국민은행 종암동지점,11290705
181,2110678,염창무학아파트,11500510
182,2110146,신자초등학교,11215840
183,2110073,삼각지역 3번,11170625
184,2110151,자양한강도서관,11215830
185,2110169,성동초등학교,11215830
186,2111076,둔촌2동주민센터,11740700
187,2111067,강동구립성내도서관,11740660
188,2110154,광진정말공원,11215820
189,2111058,성내중학교,11740640
190,2110783,영등포시장역 1번,11560535
191,2110143,뚝섬유원지역 1번,11215840
192,2110092,NH농협은행 보광동지점,11170700
193,2110144,어린이대공원역 4번,11215710
194,2110059,새남터성지,11170640
195,2110044,관성묘,11140580
196,2110088,오산고등학교,11170690
197,2110770,영등포구청역 6번,11560550
198,2110976,언북초등학교,11680565
199,2110155,광진구청,11215820
200,2110267,망우역 2번,11260580
201,2110600,신월7동주민센터,11470611
202,2110985,청담근린공원,11680565
203,2110756,문래중학교,11560610
204,2110129,성원어린이공원,11200660
205,2110234,중랑역 4번,11260610
206,2110045,동대문역사문화공원역 5번,11140580
207,2110398,쌍문2동우체국,11320670
208,2110704,고척중학교,11530720
209,2110981,국악고교사거리,11680690
210,2110381,번동주공2단지,11305606
211,2110977,논현로18길,11680690
212,2111082,중앙보훈병원,11740700
213,2110628,신목동역,11470520
214,2110126,서울숲역 1번,11200650
215,2110556,절두산순교성지,11440680
216,2110180,광진정보도서관,11215810
217,2110577,용강동주민센터,11440590
218,2110653,화곡역 2번,11500615
219,2110148,어린이대공원역 3번,11215710
220,2110581,염리초등학교,11440610
221,2110139,자양4동주민센터,11215847
222,2111071,천동초등학교,11740685
223,2110102,옥수역 6번,11200645
224,2110908,구반포역,11650550
225,2111041,거여역 8번,11710531
226,2110777,구로세무서,11560605
227,2110764,문래역 3번,11560550
228,2110959,신구중학교,11680545
229,2110962,도산공원북측,11680545
230,2110070,용산세무서,11170625
231,2110604,신월4동주민센터,11470590
232,2110602,신월시영아파트중문,11470611
233,2110643,강서구다솔마을,11500620
234,2110598,신월문화체육센터,11470611
235,2110729,가산동우체국,11545510
236,2110761,문래동남성맨션,11560605
237,2110784,신대림초등학교,11560700
238,2110818,신대방역 3번,11590670
239,2110553,가좌역 2번,11440730
240,2111045,개미어린이공원,11710647
241,2110461,새절역 2번,11380600
242,2110476,역촌역 2번,11380570
243,2110842,흑리단길,11590605
244,2110287,정릉3동주민센터,11290640
245,2110312,안암역 2번,11290600
246,2110494,증산3교남측,11410710
247,2110504,명지전문대,11410685
248,2110184,용두사거리,11230536
249,2110183,한국의류시험연구원,11230536
250,2110244,중화역 4번,11260610
251,2110434,태릉입구역 4번,11350595
252,2110386,연산군묘,11320710
253,2110248,먹골파출소,11260620
254,2110132,성수2가3동주민센터,11200690
255,2110145,장안초등학교,11215730
256,2111080,굽은다리역 3번,11740530
257,2110612,신정역 5번,11470650
258,2110082,용산구청,11170650
259,2110594,신월중학교,11470600
260,2110141,건대입구역 1번,11215710
261,2110103,옥수터널,11200620
262,2111078,굽은다리역 4번,11740685
263,2110644,신광명마을,11500611
264,2110096,한남힐사이드아파트,11170685
265,2110127,성수1가1동주민센터,11200650
266,2110097,한남초등학교,11170685
267,2110561,상수역 4번,11440655
268,2110264,면목역 2번,11260565
269,2110166,구의1동주민센터,11215850
270,2110136,경수초등학교,11200670
271,2110438,경춘선숲길 우측,11350600
272,2110131,성수동카페거리,11200670
273,2110566,경의선책거리,11440660
274,2110569,홍대땡땡거리,11440660
275,2110554,망원역 1번,11440660
276,2110054,청구역 3번,11140645
277,2110582,이대역 5번,11440610
278,2110650,우장산힐스테이트,11500615
279,2110164,아차산역 5번,11215780
280,2111032,방이역 1번,11710570
281,2110677,등촌역 1번,11500520
282,2110699,덕의초등학교,11530730
283,2111015,석촌역 3번,11710580
284,2110814,서울지방병무청,11560690
285,2110826,장승배기역 4번,11590540
286,2110177,동의초등학교,11215860
287,2110623,갈산공원,11470680
288,2110111,대현산장미원,11200580
289,2111006,석촌고분역 1번,11710610
290,2110047,다산성곽길,11140625
291,2111004,삼전역 1번,11710650
292,2110967,역삼역 8번,11680640
293,2110555,홍익지구대,11440660
294,2110575,대흥동주민센터,11440600
295,2110050,약수역 7번,11140635
296,2110649,우장산역 1번,11500615
297,2110168,대원고등학교,11215770
298,2110580,양원초등학교,11440600
299,2110661,강서새말어린이공원,11500591
300,2110106,금북초등학교,11200590
301,2110174,아차산역 1번,11215770
302,2110540,망원나들목체육관,11440690
303,2110557,홍대부속여중고앞,11440660
304,2111070,천호초등학교,11740600
305,2110051,한양공고앞 교차로,11140615
306,2110624,목동문화체육센터,11470520
307,2111084,길동신동아아파트,11740685
308,2110101,옥정중학교,11200645
309,2110559,성산중학교,11440680
310,2110170,동대부여고,11215850
311,2110159,구의역 4번,11215820
312,2111083,GS강동자이아파트,11740685
313,2110134,성수119안전센터,11200670
314,2111007,석촌고분역 4번,11710610
315,2111009,송파책박물관,11710600
316,2110075,숙대입구역 1번,11170530
317,2110563,상수역 3번,11440655
318,2110120,서울숲카페거리,11200660
319,2110567,광흥창역 6번,11440655
320,2110179,광나루역 1번,11215810
321,2110217,자동차부품상가,11230610
322,2111051,천호역 6번,11740650
323,2110065,남정초등학교,11170560
324,2110579,마포역 4번,11440585
325,2110173,구남초등학교,11215870
326,2110095,한강진역 3번,11170685
327,2110076,삼각지역 14번,11170625
328,2110034,창신1동주민센터,11110670
329,2110843,사당5동주민센터,11590651
330,2110599,신월1파출소,11470560
331,2111056,천호태영아파트,11740620
332,2110140,건대입구역 6번,11215847
333,2110667,가양역 10번,11500535
334,2110844,흑석2치안센터,11590605
335,2111012,석촌역 6번,11710600
336,2110268,망우3동주민센터,11260660
337,2110543,중암중학교,11440730
338,2110086,이태원역 북측,11170650
339,2111020,방이동고분군(방산고등학교),11710561
340,2110793,대림썬프라자,11560700
341,2110099,유엔빌리지길,11170685
342,2110058,성심여자고등학교,11170570
343,2110593,신월3동주민센터,11470580
344,2110176,해오름공원,11215770
345,2110040,중구회현체육센터(정화예술대남산캠퍼스),11140540
346,2111008,석촌고분역 3번,11710600
347,2110118,왕십리역 9번,11200560
348,2111063,강동구립 천호도서관,11740620
349,2110133,서울교통공사,11200790
350,2110721,가리봉파출소,11530595
351,2110888,청룡동주민센터,11620595
352,2110436,상계제일중학교,11350624
353,2110697,개봉3동주민센터,11530760
354,2111040,거여초등학교,11710570
355,2110889,봉천역 6번,11620605
356,2110858,신대방역 1번,11620685
357,2110964,싸리고개근린공원,11680655
358,2110975,매봉역 1번,11680655
359,2110511,연희초등학교,11410615
360,2110165,국립정신건강센터,11215750
361,2110508,서연중학교,11410615
362,2111069,천호1동주민센터,11740600
363,2110161,중곡역 3번,11215760
364,2110660,등촌3동주민센터,11500535
365,2110560,마포FM,11440710
366,2110153,중곡1동주민센터,11215740
367,2110674,강서구청가양동별관,11500605
368,2110229,장평중학교,11230650
369,2110652,양천향교역 2번,11500603
370,2110032,수족관거리,11110670
371,2110497,가좌역 3번,11410690
372,2110225,촬영소사거리,11230610
373,2110171,중곡4동주민센터,11215770
374,2110198,동대문중앙새마을금고본점,11230545
375,2110015,청와대사랑채,11110515
376,2110186,종암초등학교,11230545
377,2110259,사가정역 1번,11260575
378,2110702,개봉초등학교,11530760
379,2110919,내방역 8번,11650621
380,2110845,사당종합체육관,11590640
381,2111027,문정초등학교,11710641
382,2110591,충정로역 6번,11140680
383,2111090,강일동주민센터,11740515
384,2111021,방이역 4번,11710561
385,2110655,발산역 5번,11500615
386,2110039,회현역 1번,11140540
387,2110541,동교초등학교,11440700
388,2110004,대신고등학교,11110570
389,2110162,군자역 4번,11215750
390,2110041,남산케이블카,11140550
391,2110520,경의중앙 신촌역,11410585
392,2110147,능동우편취급국,11215730
393,2110636,방화역 2번,11500630
394,2110185,용두초등학교,11230536
395,2110115,상왕십리역 3번,11200535
396,2110057,황학코아루아파트,11140670
397,2110437,당고개역 2번,11350665
398,2110524,연희세브란스병원,11410585
399,2110534,경기대학교,11410565
400,2110152,중곡어린이공원,11215740
401,2110548,마포구청역 4번,11440720
402,2110722,G타워,11530540
403,2110537,충정로현대아파트,11410565
404,2110119,마장지하차도,11200540
405,2110226,장안1동주민센터,11230650
406,2110218,답십리사거리,11230610
407,2110038,경향신문사,11140520
408,2110536,돈의문센트레빌아파트입구,11410520
409,2110158,중곡3동주민센터,11215760
410,2110240,태릉시장 특화거리,11260610
411,2110500,남가좌동현대아파트,11410700
412,2110025,충신시장옆,11110630
413,2110633,개화산역 1번,11500640
414,2110036,동묘앞역 3번,11110710
415,2110030,동대문역 3번,11110670
416,2110641,공항고등학교,11500630
417,2110517,서대문소방서,11410615
418,2110439,당고개역 5번,11350665
419,2110209,답십리 장령당공원,11230600
420,2110518,서대문구청,11410615
421,2110637,송정역 2번,11500620
422,2111061,암사역 1번,11740570
423,2110631,방화초등학교,11500640
424,2110716,구로나눔길,11530530
425,2110657,양천향교역 5번,11500535
426,2110526,봉원사,11410585
427,2111033,문정동성당,11710646
428,2110330,돌곶이역 1번,11290770
429,2110693,오류동역 4번,11530770
430,2110917,서초소방서,11650581
431,2110615,신서초등학교,11470620
432,2110994,개포고등학교,11680670
433,2110698,개웅초등학교(개웅중학교),11530760
434,2111088,고덕동성당,11740560
435,2110078,이촌동점보아파트,11170630
436,2110973,강남구청역 4번,11680565
437,2110988,청담역 3번,11680580
438,2110966,논현2동주민센터,11680531
439,2110799,영등포본동주민센터,11560515
440,2110970,학동초등학교,11680531
441,2110211,전곡마을마당공원,11230560
442,2110974,언주중학교,11680590
443,2110216,전농중학교,11230570
444,2110205,경희대삼거리,11230710
445,2110825,신대방삼거리역 1번,11590550
446,2110834,동작구자원봉사센터,11590510
447,2110689,오류동역 3번,11530770
448,2110861,관악구신사동주민센터,11620685
449,2110690,오류2동버들시장,11530780
450,2110625,신정2동주민센터,11470630
451,2110782,영등포시장역 4번,11560535
452,2110089,서빙고동주민센터,11170690
453,2110806,서울시립영등포장애인복지관,11560535
454,2110609,신정네거리역 2번,11470640
455,2110758,문래소공원,11560605
456,2110954,국기원,11680640
457,2110995,봉은사역 4번,11680580
458,2110616,양목초등학교,11470650
459,2110968,강남구청역 2번,11680531
460,2110071,한강미주맨션아파트,11170630
461,2110607,금빛새마을금고본점,11470570
462,2110613,신정네거리역 4번,11470620
463,2110206,텃골근린공원,11230560
464,2110670,신곡초등학교,11500570
465,2110646,푸른들청소년도서관,11500560
466,2110647,화곡역 5번,11500540
467,2110597,신월1동주민센터,11470560
468,2110596,서서울호수공원,11470580
469,2110256,면목2동체육관,11260520
470,2110982,강남구보훈회관,11680590
471,2110695,개봉1동주민센터,11530730
472,2110997,대청초등학교,11680730
473,2110835,상도역 1번,11590530
474,2110952,논현목련공원,11680521
475,2110208,시조사삼거리,11230710
476,2111064,둔촌동역 4번,11740660
477,2110219,삼육보건대학교,11230730
478,2110258,면동초등학교,11260565
479,2110833,상도역 2번,11590540
480,2110780,신길대성유니드아파트,11560670
481,2110989,대치동아우편취급국,11680630
482,2110175,푸른동산공원,11215870
483,2110083,서빙고역 1번,11170690
484,2110706,그라운드 고척,11530720
485,2110692,큰굴다리,11530740
486,2110831,상도4동주민센터,11590560
487,2111005,삼전역 3번,11710610
488,2110167,용마초등학교,11215750
489,2110156,군자역 5번,11215780
490,2111025,경찰병원역 3번,11710632
491,2111038,보인중학교,11710570
492,2110823,신대방삼거리역 3번,11590680
493,2110720,대림역 2번,11530550
494,2110686,수궁동주민센터,11530790
495,2110713,구로보건소,11530560
496,2110691,개봉중학교,11530740
497,2110772,신우어린이공원,11560720
498,2110808,신길역 1번,11560515
499,2110605,목동센트럴아이파크앞,11470610
500,2110768,도림2동유수지내체육시설,11560585
501,2110839,숭실대입구역 4번,11590530
502,2110703,개봉역,11530740
503,2111036,투구봉어린이공원,11710632
504,2111014,송파나루역 2번,11710562
505,2110915,서래초등학교,11650590
506,2110714,구로4동주민센터,11530550
507,2110603,지향초등학교,11470640
508,2110765,문래동사거리,11560605
509,2110951,신사은행나무공원,11680510
510,2110682,온수역 8번,11530790
511,2110617,등촌역 4번,11470530
512,2110912,방배동사이길,11650590
513,2110125,사근동살곶이상점가,11200550
514,2110856,미성초등학교,11620765
515,2110828,노량진역 6번,11590520
516,2110961,언주역 3번,11680531
517,2110809,장훈고등학교,11560515
518,2110666,KC대학교,11500591
519,2111019,한성백제역 3번,11710562
520,2110658,화곡초등학교,11500590
521,2110672,백석중학교,11500530
522,2110654,까치산역 4번,11500540
523,2110673,뜸부기어린이공원,11500570
524,2110645,우장산역 4번,11500611
525,2110762,선유도역 1번,11560620
526,2110659,화곡역 4번,11500590
527,2110595,메디힐병원,11470600
528,2110664,강서구청옆,11500591
529,2110207,시립대앞사거리,11230560
530,2110665,곰달래도서관,11500550
531,2110708,화원어린이공원,11530530
532,2110668,화곡2동주민센터,11500550
533,2110606,신한은행 신월동지점,11470590
534,2110662,까치산역 1번,11500593
535,2110620,목동보건지소,11470540
536,2110701,고척동성당,11530730
537,2110542,마포구청역 7번,11440700
538,2110090,한국폴리텍대학서울정수캠퍼스,11170700
539,2110614,목동로데오거리,11470650
540,2110656,까치산역 3번,11500540
541,2110987,영동대교남단,11680565
542,2111029,오금역 4번,11710632
543,2110611,신정역 1번,11470650
544,2110763,영등포구청역 2번,11560550
545,2110859,난향초등학교,11620715
546,2110685,금강수목원아파트,11530780
547,2110212,답십리초등학교,11230600
548,2110979,청담초등학교,11680565
549,2110816,대방역 6번,11560630
550,2110872,신림초등학교,11620655
551,2110740,금천해태공원,11545670
552,2110857,미성동주민센터,11620765
553,2110748,백산초등학교,11545710
554,2110747,석수역 1번 출입구,11545690
555,2110741,독산2동주민센터,11545620
556,2111044,남천초등학교,11710550
557,2110465,연신내역 7번,11380551
558,2110446,내를건너서숲으로도서관,11380632
559,2110052,장충초등학교,11140625
560,2110049,장충단 고개,11140625
561,2110639,신방화역 8번,11500630
562,2110109,금호삼성래미안아파트,11200590
563,2110683,오류고등학교,11530790
564,2110592,서울금융고등학교,11470580
565,2110681,온수역 1번,11530790
566,2110688,오류지구대,11530770
567,2110610,계남근린공원,11470640
568,2110635,공항시장역 3번,11500620
569,2110634,송정역 3번,11500620
570,2110638,신방화역 2번,11500630
571,2110630,공항시장역 1번,11500640
572,2110608,신월2동주민센터,11470570
573,2110627,신정롯데캐슬아파트,11470630
574,2110895,샤로수길,11620585
575,2110794,영동초등학교,11560560
576,2110651,화원중학교,11500540
577,2110551,성서초등학교,11440720
578,2110547,KB국민은행 망원동지점,11440700
579,2110800,영등포동성당,11560535
580,2110807,신길역 3번,11560535
581,2110283,성북초등학교앞,11290525
582,2110792,영등포역 2번,11560585
583,2110785,영등포푸르지오아파트,11560585
584,2110458,선일여고,11380552
585,2110675,화곡4동주민센터,11500570
586,2110694,세곡초등학교,11530730
587,2110696,오류동역 1번,11530750
588,2110544,망리단길,11440690
589,2110715,구로구민회관,11530560
590,2110718,한국SGI본부,11530560
591,2110733,금천어울림복지센터,11545670
592,2110727,독산역 1번 출입구,11545610
593,2110731,금천구청역 1번 출입구,11545670
594,2110735,말미고개,11545620
595,2110819,신대방역 4번,11590670
596,2110495,북가좌2동주민센터,11410720
597,2110496,모래내우체국,11410720
598,2110549,새터산,11440730
599,2110552,성미산체육관,11440720
600,2110837,숭실대입구역 1번,11590530
601,2110836,상도역 5번,11590530
602,2110513,연희파출소,11410615
603,2110892,관악구 중앙길,11620615
604,2110896,관악우성아파트,11620575
605,2110897,서울대입구역 8번,11620575
606,2110485,연신내우체국,11380530
607,2110916,내방역 4번,11650600
608,2110464,연신내역 5번,11380552
609,2110455,역촌노인복지관,11380625
610,2110456,구산보건지소,11380560
611,2110137,성수초등학교,11200690
612,2110717,남구로역 2번,11530595
613,2110622,달마을공원,11470520
614,2110711,구로초등학교,11530530
615,2110802,신길동홍어거리,11560660
616,2110710,남구로역 3번,11530530
617,2110712,남구로역 5번,11530550
618,2110728,두산초등학교,11545610
619,2110671,등촌1동주민센터,11500520
620,2110676,등촌역 7번,11500530
621,2110463,응암3동주민센터,11380600
622,2110752,한울중학교,11545700
623,2110766,대림역 5번,11560720
624,2110744,독산동성당,11545640
625,2110444,수색성당,11380640
626,2110736,독산119안전센터,11545640
627,2110737,금천세무서,11545630
628,2110738,문성초등학교,11545630
629,2110024,혜회동주민센터,11110650
630,2110776,도신초등학교,11560720
631,2110767,도림동주민센터,11560585
632,2110546,양화대교북단,11440680
633,2110550,합정역 8번,11440680
634,2110803,신길2동우편취급국,11560515
635,2110260,면목역 3번,11260565
636,2110787,신길3동주민센터,11560650
637,2110804,신풍역 1번,11560680
638,2110812,신길6동주민센터,11560680
639,2110781,대림한신아파트,11560700
640,2110210,서울시립대,11230560
641,2110789,대림성모병원,11560700
642,2110855,신대방역 2번,11620725
643,2110270,혜원여고,11260660
644,2110014,경복고등학교,11110515
645,2110778,구로디지털단지역 4번,11560710
646,2110864,신림우방아파트,11620685
647,2110468,응암역 3번,11380625
648,2110459,응암역 2번,11380625
649,2110448,상신초등학교입구,11380632
650,2110450,시립서북병원,11380560
651,2110453,신사1동주민센터,11380631
652,2110891,구암초등학교,11620565
653,2110506,연희임광아파트,11410615
654,2110452,새절역 3번,11380632
655,2110128,성원중학교,11200650
656,2110512,연희지하차도,11410615
657,2110519,서대문구보건소별관,11410620
658,2110535,영천시장입구,11410520
659,2110538,충정로역 3번,11410565
660,2110012,성곡미술관,11110530
661,2110016,평창동동측,11110560
662,2110005,세검정,11110550
663,2110451,증산역 4번,11380640
664,2110130,답십리역 6번,11200790
665,2110261,사가정역 4번,11260570
666,2110309,대광초등학교,11290600
667,2110018,중앙고등학교,11110600
668,2110266,면목동우체국,11260575
669,2110021,성균관대학교,11110650
670,2110242,면목5동주민센터,11260550
671,2110302,보문역 8번,11290610
672,2110471,응암동우체국,11380600
673,2110449,증산역 3번,11380640
674,2110498,증산역 1번,11410720
675,2110815,공군호텔,11560630
676,2110820,성남고등학교,11590660
677,2110817,대방역 4번,11560630
678,2110824,대방역 3번,11590660
679,2110558,경성고등학교,11440720
680,2110509,연희대우아파트앞,11410585
681,2110469,응암정보도서관,11380600
682,2110503,명지대학교교회,11410700
683,2110484,역촌역 3번,11380510
684,2110490,녹번동근린공원,11380510
685,2110473,구산역 1번,11380570
686,2110472,연신내역 4번,11380570
687,2110584,아현역 4번,11440555
688,2110571,신수동주민센터,11440630
689,2110480,연신내역 3번,11380530
690,2110572,서강대역 1번,11440630
691,2110829,장승배기역 5번,11590520
692,2110847,예술인마을,11590620
693,2110885,영락고등학교,11620665
694,2110832,노량진초등학교,11590510
695,2110830,상도초등학교,11590560
696,2110827,NH농협은행 상도동지점,11590560
697,2110877,신림역 8번,11620695
698,2110589,애오개역 3번,11440565
699,2110590,만리재,11440565
700,2110873,당곡중학교,11620525
701,2110879,신림현대아파트,11620745
702,2110013,체부동홍종문가옥,11110530
703,2110821,보라매역 2번,11590680
704,2110886,관악해태어린이공원,11620665
705,2110813,보라매역 6번,11560690
706,2110810,영신초등학교,11560630
707,2110528,서울여자간호대학교,11410640
708,2110001,이북5도청사,11110560
709,2110587,공덕동주민센터,11440565
710,2110068,남영역 1번,11170560
711,2110586,서울서부지방법원,11440565
712,2110588,한겨레신문사,11440565
713,2110840,중앙대학교,11590605
714,2110060,효창공원앞역 6번,11170590
715,2110533,충정로역 7번,11410555
716,2110069,숙대입구,11170555
717,2110846,남성역 1번,11590650
718,2110848,양지어린이공원,11590620
719,2110338,인수초등학교,11305660
720,2110902,사당역 4번,11620630
721,2110850,사당역 10번,11590620
722,2110064,효창공원앞역 2번,11170580
723,2110237,메가박스 상봉,11260520
724,2110273,장스여성병원,11260680
725,2110334,석관중앙교회,11290810
726,2110445,덕산중학교,11380631
727,2110265,망우역 1번,11260580
728,2110486,은평구청,11380510
729,2110333,돌곶이역 5번,11290810
730,2110027,혜화역 1번,11110640
731,2110313,안암역 3번,11290600
732,2110017,정독도서관,11110600
733,2110443,수색역 1번,11380650
734,2110203,떡전교사거리,11230705
735,2110252,장안제일시장,11260550
736,2110521,홍제역 4번,11410620
737,2110142,화양사거리,11215710
738,2110215,회기역 1번,11230720
739,2110006,부암동주민센터,11110550
740,2110457,예일여고,11380560
741,2110274,서일대학교,11260575
742,2110197,세종대왕기념관교차로,11230705
743,2110222,회기역 2번,11230720
744,2110213,청량초등학교,11230740
745,2110286,한성대입구역 5번,11290525
746,2110841,중대부중,11590605
747,2110063,효창공원앞역 5번,11170590
748,2110061,효창동주민센터,11170580
749,2110269,용마문화복지센터,11260575
750,2110067,배문고등학교,11170555
751,2110066,서울역 15번,11170555
752,2110532,아현역 2번,11410555
753,2110922,내방역 1번,11650600
754,2110904,이수역 5번,11650610
755,2110907,방배초등학교,11650621
756,2110084,경리단길북측,11170660
757,2110085,경리단길남측,11170660
758,2110253,중곡초등학교,11260540
759,2110031,창신역 1번,11110690
760,2110081,해방촌 남동측,11170520
761,2110080,해방촌예술마을,11170510
762,2110079,후암동주민센터,11170510
763,2110074,서울역 12번,11170530
764,2110077,삼광초등학교,11170510
765,2110849,이수역 10번,11590640
766,2110292,정릉역 2번,11290630
767,2110289,북한산보국문역 2번,11290640
768,2110123,마장역 3번,11200540
769,2110355,삼양사거리역 2번,11305534
770,2110284,정릉북한산국립공원입구,11290650
771,2110339,국립4.19민주묘지,11305645
772,2110022,경신고등학교,11110650
773,2110285,홍대부중,11290525
774,2110135,성동세무서,11200720
775,2110042,남산골공원옆,11140570
776,2111047,마천1치안센터,11710540
777,2110196,홍릉근린공원,11230705
778,2110527,홍제역 2번,11410640
779,2110277,러스크서울병원,11260655
780,2110314,종암경찰서,11290705
781,2110522,홍제역 3번,11410620
782,2110263,면목역 1번,11260565
783,2110516,정원여중,11410685
784,2110199,홍릉시장,11230545
785,2110228,장안근린공원,11230660
786,2110632,방화역 3번,11500630
787,2110493,북가좌초등학교,11410710
788,2110201,전농119안전센터,11230560
789,2110487,불광역 8번,11380520
790,2110510,홍연시장,11410615
791,2110035,동묘앞역 2번,11110710
792,2110282,국민대학교앞,11290640
793,2110428,상계5동주민센터,11350670
794,2110399,창2동주민센터,11320512
795,2110411,도봉역 3번,11320522
796,2110441,영신여고,11350619
797,2110255,상봉역 4번,11260590
798,2110276,신내IC북측,11260680
799,2110387,쌍문초등학교,11320660
800,2110384,문이교,11320660
801,2110247,먹골역 1번,11260620
802,2110422,노원역 9번,11350720
803,2110326,장위동성당,11290760
804,2110324,월곡역 4번,11290725
805,2110157,자양동우체국,11215830
806,2110352,수유1동주민센터,11305610
807,2110363,송천동주민센터,11305555
808,2110370,도봉세무서,11305555
809,2110002,독립문역 1번,11110570
810,2110227,답십리공원,11230610
811,2110642,정곡초등학교,11500641
812,2110502,남가좌파출소,11410700
813,2110028,이화달팽이길,11110640
814,2110507,명지대학교,11410685
815,2110033,창신역 4번,11110700
816,2110254,오거리공원,11260570
817,2110311,종암아이파크2차후문,11290705
818,2110232,동대부고,11230660
819,2110019,창덕궁,11110615
820,2110257,상봉역 7번,11260580
821,2110377,미아사거리역 3번,11305545
822,2110214,경희대후문,11230740
823,2110306,미아초등학교,11290660
824,2110318,KT월곡지사,11290715
825,2110531,홍지문,11110550
826,2110470,신진과학기술고등학교,11380580
827,2110037,신설동역 12번,11110710
828,2110192,동의보감타워,11230536
829,2110640,방화역 1번,11500641
830,2110319,종암동주민센터,11290705
831,2110354,삼각산119안전센터,11305575
832,2110020,서울국제고등학교,11110650
833,2110321,동덕여대,11290715
834,2110447,구산초등학교,11380560
835,2110996,대치2동주민센터,11680610
836,2110299,정릉역 1번,11290620
837,2110489,불광역 3번,11380510
838,2110251,장안중학교,11260600
839,2110478,응암1동주민센터,11380580
840,2110308,길음역 8번,11290685
841,2110278,망우본동주민센터,11260655
842,2110335,석계역 7번,11290810
843,2110336,석관고등학교,11290810
844,2110440,상계3동4동주민센터,11350665
845,2110112,행당역 2번,11200560
846,2110466,구산역 2번,11380625
847,2110250,화랑대역 7번,11260620
848,2110432,대진고등학교,11350611
849,2110442,화랑대철도공원,11350600
850,2110414,장석교회,11350560
851,2110010,평창동서측,11110560
852,2110272,신내1동주민센터,11260680
853,2110316,숭곡초등학교,11290715
854,2110382,솔밭공원역 1번,11320660
855,2110003,세검정초등학교,11110550
856,2110477,은평세무서,11380510
857,2110221,의릉,11290810
858,2110310,길음역 10번,11290715
859,2110417,월계역 3번,11350570
860,2110462,갈현건영아파트,11380551
861,2110953,학동근린공원,11680521
862,2110429,공릉동 국수거리,11350595
863,2110983,국립국악고등학교,11680690
864,2110491,불광중학교,11380530
865,2110420,광운대역 1번,11350560
866,2110190,고대앞사거리,11230545
867,2110301,성신여대입구역 7번,11290575
868,2110329,우리은행체육관,11290770
869,2110454,선정중학교,11380552
870,2110105,금동어린이공원,11200615
871,2110984,포이초등학교(개포목련어린이공원),11680690
872,2110899,낙성대역 5번(관악중학교),11620575
873,2110901,인헌고등학교(인헌중학교),11620625
874,2110943,법제교육센터(버들어린이공원),11650652
875,2110937,방아다리근린공원(횃불트리니티신학대학원대학교),11650651
876,2110876,서원동주민센터(신관중학교),11620645
877,2110920,방배역 2번(백석예술대학교),11650620
878,2110913,방현초등학교(방배119안전센터),11650620
879,2110732,가산초등학교(세일중학교),11545610
880,2110893,관악소방서(문영여고),11620595
881,2110900,낙성대역 1번(관악구민 종합체육센터),11620625
882,2110328,상월곡역 3번,11290725
883,2110371,삼양입구사거리,11305555
884,2110481,불광역 7번,11380570
885,2110368,송천초등학교,11305555
886,2110424,상계초등학교,11350640
887,2110374,송중초등학교,11305545
888,2110479,연신내역 2번,11380530
889,2110364,미아역 8번,11305535
890,2110467,은평요양병원,11380551
891,2110482,연신초등학교,11380530
892,2110194,홍파초등학교,11230545
893,2110433,공릉역 2번,11350595
894,2110369,성신여대운정그린캠퍼스,11305535
895,2110474,세명컴퓨터고등학교,11380530
896,2110359,수유시장옆,11305630
897,2110409,창동역 2번,11320515
898,2110346,4.19민주묘지역 2번,11305645
899,2110385,효문고등학교,11320660
900,2110345,솔밭공원역 2번,11305645
901,2110341,북한산우이역 2번,11305645
902,2110349,화계역 2번,11305610
903,2110344,화계중학교,11305610
904,2110357,가오리역 1번,11305620
905,2110426,상계2동주민센터,11350640
906,2110404,신창초등학교,11320513
907,2110348,강북문화예술회관,11305660
908,2110492,하나고등학교,11380690
909,2110525,홍은종합사회복지관,11410660
910,2110366,광산사거리,11305630
911,2110408,가인초등학교,11320515
912,2110430,중계초등학교,11350624
913,2110419,수락산디자인거리,11350630
914,2110410,방학역 2번,11320690
915,2110406,도봉산역 1번,11320521
916,2110415,수락산역 4번,11350630
917,2110403,방학1동주민센터,11320690
918,2110413,누원고등학교,11320522
919,2110392,발바닥공원,11320681
920,2110425,계상초등학교,11350670
921,2110431,상계역,11350624
922,2110233,중랑역 1번,11260610
923,2110220,외대앞역 1번,11230740
924,2110378,송중동주민센터,11305545
925,2110568,광흥창역 1번,11440655
926,2110574,서강대학교,11440600
927,2110138,송정체육공원,11200720
928,2110865,남강고등학교(남강중학교),11620775
929,2110942,염곡동 구룡사(포이동성당),11650652
930,2111001,아래방죽마을공원(율현초등학교),11680700
931,2110940,양재근린공원(양재2동주민센터),11650652
932,2110862,난곡초등학교(난곡동벽화마을),11620775
933,2110898,청림동주민센터(상도중학교),11620545
934,2111042,거여역 1번(거여공원),11710531
935,2110407,도봉역 2번,11320521
936,2110163,성자초등학교,11215830
937,2110416,노원초등학교,11350630
938,2110418,광운대학교 남단,11350560
939,2110124,뚝섬역교차로,11200660
940,2110230,장안현대홈타운1차아파트,11230660
941,2110241,먹골역 5번,11260630
942,2110239,중랑역 2번,11260610
943,2110322,장위1동주민센터,11290760
944,2110327,상월곡역 2번,11290770
945,2111031,장지동주민센터(한림연예예술고교),11710646
946,2111050,강동구청(강동구청역 2번),11740640
947,2110062,한강로동땡땡거리(은행나무길),11170625
948,2110562,연트럴파크(연남동주민센터),11440710
949,2110007,사직공원(한국사회과학도서관),11110530
950,2111024,경찰병원역 4번(건너말공원),11710620
951,2110008,배화여자대학교(박노수미술관),11110515
952,2110202,전농1동주민센터(전농시장),11230560
953,2110421,석계역 1번,11350560
954,2110680,온수역 5번(온수산업단지),11530790
955,2110875,보라매동주민센터(당곡고등학교),11620525
956,2110884,봉천역 4번(봉천110안전센터),11620605
957,2110707,구로창업지원센터,11530510
958,2110108,성동구립금호도서관,11200590
959,2110281,길상사,11290525
960,2110515,홍은중학교,11410685
961,2110280,북정마을,11290525
962,2110529,홍제3동주민센터,11410640
963,2110317,종암중학교,11290705
964,2110009,자하문터널,11110550
965,2110883,은천초등학교(은천교앞),11620525
966,2111057,천호공원(해공체육문화센터),11740610
967,2110769,대림차이나타운(대림역 12번),11560710
968,2110851,경문고등학교(동작동성당),11590630
969,2110860,호림박물관(성보고등학교),11620765
970,2110867,국제신학대학원대학교(남서울중학교),11620655
971,2110905,방배노인종합복지관(이수중학교),11650610
972,2111028,문현중학교(장지역 1번),11710646
973,2110894,관악동부센트레빌아파트(은천로35라길),11620565
974,2110113,응봉산,11200580
975,2110583,공덕래미안3차아파트,11440555
976,2110679,염창역 2번,11500510
977,2111075,굽은다리역 2번,11740600
978,2110178,장로회신학대학교,11215810
979,2111086,한영중고,11740540
980,2110172,광진초등학교,11215860
981,2110578,대흥역 2번,11440610
982,2110405,방학역 1번,11320690
983,2110939,양재역 8번(양재동우체국),11650651
984,2110924,반포4동주민센터(몽마르뜨공원),11650581
985,2111022,석촌중학교(방이육교),11710620
986,2110822,신대방삼거리역 4번(대림초등학교),11590660
987,2110801,신풍역 6번(신길6동공영주차장),11560680
988,2111035,오금공원(오주중학교),11710570
989,2111046,마천역(마천초등학교),11710540
990,2110117,성동구보건소,11200540
991,2110046,버티고개,11140625
992,2111074,명일역 1번,11740570
993,2110930,서초동성당,11650510
994,2110934,우면주공아파트,11650651
995,2110929,남부터미널역 1번,11650510
996,2110928,서초우방유쉘아파트,11650530
997,2110927,잠원역,11650540
998,2110048,장충동주민센터,11140580
999,2111052,암사역 3번(천호동자전거거리),11740610
1000,2111089,상일여고(상일초등학교),11740520
1001,2110743,시흥초등학교(시흥1동우체국),11545670
1002,2110396,쌍문역1번(쌍리단길),11320511
1003,2110291,한성대입구역 3번,11290555
1004,2110029,동대문역 1번,11110680
1005,2110293,삼선중학교,11290555
1006,2110296,성신여대입구역 4번,11290575
1007,2110295,정릉우체국,11290630
1008,2110188,용두동신동아아파트,11230536
1009,2110191,고려대역 6번,11230545
1010,2110187,제기동역 6번,11230536
1011,2110390,방학초등학교,11320700
1012,2110391,샘말어린이공원,11320700
1013,2110400,도봉구보건소,11320670
1014,2110380,강북문화정보도서관,11305600
1015,2110290,북한산보국문역 1번,11290650
1016,2110746,금천금빛공원(은행나무사거리서측),11545670
1017,2111018,풍납초등학교(풍납백제문화공원),11710510
1018,2111054,암사역 4번(삼성광나루아파트),11740580
1019,2111000,대왕초등학교(세곡동사거리서남측),11680700
1020,2110978,도곡2동주민센터(대치중학교),11680656
1021,2111073,둔촌동역 1번(한산중학교),11740700
1022,2111079,둔촌고등학교(둔촌중학교),11740700
1023,2111053,성내천어린이공원(하니사랑길),11740640
1024,2111062,둔촌동역 3번(성내3동주민센터),11740660
1025,2111049,천호지구대(천호동자전거거리),11740610
1026,2111048,천호역 1번(천호문구완구거리),11740610
1027,2111059,강동역 4번(강풀만화거리),11740650
1028,2111077,길동주민센터(강동도서관),11740685
1029,2110294,서경대학교,11290650
1030,2110351,수유북부시장옆,11305660
1031,2110350,가오리역 2번,11305660
1032,2110375,서울북부고용노동지청,11305600
1033,2110367,강북구청,11305630
1034,2110365,미아역 5번,11305535
1035,2110360,수유초등학교,11305610
1036,2110307,길음역 7번,11290660
1037,2110361,삼양사거리역 1번,11305555
1038,2110300,삼선동주민센터,11290600
1039,2110303,성신여대입구역 1번,11290575
1040,2110304,보문역 4번,11290600
1041,2110297,경동고등학교,11290555
1042,2110181,신설동역 9번,11230536
1043,2110182,용두희망어린이공원,11230536
1044,2110056,신당역 3번,11140650
1045,2110402,도봉구 정병원,11320690
1046,2110325,장곡초등학교,11290760
1047,2110315,종암아이파크2차,11290705
1048,2110372,강북중학교,11305630
1049,2110376,수송초등학교,11305590
1050,2110323,상월곡역 1번,11290725
1051,2110971,선정릉역 4번,11680640
1052,2110394,방학중학교,11320700
1053,2110356,덕수교,11305620
1054,2110397,도봉산입구,11320521
1055,2110362,우이천 계성교,11305620
1056,2110358,인수동 우편취급국,11305630
1057,2110353,수유동우체국,11305620
1058,2110980,개포지구대옆,11680690
1059,2110955,논현초등학교,11680521
1060,2110958,역삼역 4번,11680640
1061,2110957,언북중학교,11680531
1062,2110116,청계천박물관,11200540
1063,2110869,"신림역 5번(신림동주민센터, 신림동별빛거리)",11620695
1064,2110235,세화어린이공원,11260610
1065,2111034,오동나무공원(송파레미니스1단지),11710570
1066,2111013,송파나루역 1번(송리단길),11710580
1067,2110909,남태령역(서울전자고등학교),11650610
1068,2110759,문래예술촌(문래창작촌),11560605
1069,2111060,암사역 2번(서울강동초등학교),11740610
1070,2111087,고덕중학교(고덕2동주민센터),11740560
1071,2111066,암사동성당(효정하나플러스아파트),11740570
1072,2110945,본마을노인복지센터(서초구립내곡도서관),11650660
1073,2110931,삼성전자서울R&D(서울우면초등학교),11650651
1074,2111085,묘곡초등학교(고덕아이파크아파트),11740550
1075,2110726,금천철쭉어린이공원(금하마을),11545610
1076,2111072,굽은다리역 1번(십자성마을),11740600
1077,2110754,삼성산자연공원(서울금천초등학교),11545710
1078,2110750,시흥4동주민센터(서울신흥초등학교),11545700
1079,2110936,더케이호텔(양재리본타워2단지아파트),11650652
1080,2110742,KT금천빌딩(금천구시설관리공단),11545670
1081,2110947,청계산입구역 2번(내곡동주민센터),11650660
1082,2110749,금산초등학교(금천고등학교),11545690
1083,2110730,서울축산농협 독산역지점(독산파출소),11545610
1084,2110998,은곡마을(은곡마을공원),11680700
1085,2110881,구립대학경로당(관악산샘말공원),11620735
1086,2110874,원신초등학교(구세군관악영문교회),11620745
1087,2110887,서울산업정보학교(서울삼성초등학교),11620735
1088,2110944,서울나래학교(염곡어린이공원),11650660
1089,2110870,신림주공2단지(광신고등학교),11620745
1090,2120234,가락시장역,11710620
1091,2120175,남부터미널역,11650510
1092,2120137,문래역(문래로데오거리),11560605
1093,2120035,퇴계로5가,11140590
1094,2120073,미아사거리,11290715
1095,2120010,원남동사거리,11110615
1096,2120013,이화사거리,11110640
1097,2120196,서울세관,11680531
1098,2120203,강남구청역,11680531
1099,2120143,당산역,11560560
1100,2120127,구로구청,11530560
1101,2120150,63빌딩,11560540
1102,2120008,인사동,11110615
1103,2120021,시청역_8번,11140520
1104,2120006,종각역,11110615
1105,2120118,마곡역(마곡),11500603
1106,2120100,망원역,11440660
1107,2120111,목동사거리,11500570
1108,2120075,월곡역,11290725
1109,2120198,구역삼세무서,11680640
1110,2120045,남영동 먹자골목,11170530
1111,2120147,보라매역,11590660
1112,2120061,올림픽대교북단,11215870
1113,2120056,구의역,11215850
1114,2120029,을지로2가,11140550
1115,2120048,금호역,11200620
1116,2120174,논현역 5번,11650540
1117,2120071,성북구청,11290555
1118,2120162,방배동카페골목,11650590
1119,2120057,아차산역,11215780
1120,2120146,한강성심병원,11560535
1121,2120095,홍제역,11410620
1122,2120176,논현역 4번,11650560
1123,2120154,장승배기역,11590540
1124,2120179,양재역,11650520
1125,2120113,오목교역,11470510
1126,2120089,구파발역,11380690
1127,2120058,구의사거리,11215850
1128,2120019,경찰청앞교차로,11140520
1129,2120139,대림3동사거리,11560720
1130,2120082,상계백병원,11350695
1131,2120248,명일역,11740530
1132,2120134,구로전화국,11545630
1133,2120241,거여역,11710532
1134,2120023,서울시청,11140550
1135,2120067,장안동사거리,11230660
1136,2120044,삼각지역,11170625
1137,2120168,서울고교교차로,11650530
1138,2120235,문정역,11710642
1139,2120124,개봉동 현대아파트,11530760
1140,2120189,강남역,11650520
1141,2120080,마들역,11350710
1142,2120144,영중로,11560535
1143,2120206,개나리아파트,11680650
1144,2120009,종로3가역,11110615
1145,2120215,포스코사거리,11680590
1146,2120207,선정릉역,11680590
1147,2120178,신사역,11650540
1148,2120017,동묘앞역(동묘),11110670
1149,2120042,"숙대입구역(남영역, 남영동)",11170530
1150,2120074,안암역,11290600
1151,2120180,양재화물트럭터미널앞,11650652
1152,2120164,내방역,11650621
1153,2120199,경복아파트교차로,11680640
1154,2120170,삼호가든사거리,11650581
1155,2120088,구산역,11380552
1156,2120218,코엑스,11680580
1157,2120018,중림동,11140680
1158,2120079,창동역,11320514
1159,2120129,구로디지털단지,11530540
1160,2120052,성수역,11200690
1161,2120171,서초3동사거리,11650530
1162,2120047,한남오거리,11170685
1163,2120136,영등포구청역,11560550
1164,2120055,군자역,11215730
1165,2120205,매봉역,11680656
1166,2120185,논현역,11680521
1167,2120246,길동역,11740685
1168,2120142,대림역,11560720
1169,2120081,노원역,11350640
1170,2120016,동대문역,11110670
1171,2120070,한성대입구역,11290555
1172,2120004,종로구청,11110615
1173,2120086,태릉입구역,11350595
1174,2120117,강서농산물도매시장,11500611
1175,2120077,미아역,11305535
1176,2120097,충정로역,11410565
1177,2120231,가락시장,11710631
1178,2120068,사가정역,11260575
1179,2120001,서대문역,11110580
1180,2120085,은행사거리,11350619
1181,2120135,양평역,11560610
1182,2120141,영등포청과시장교차로,11560550
1183,2120224,수서역,11680750
1184,2120169,서초역,11650530
1185,2120011,종로4가,11110615
1186,2120092,불광역,11380570
1187,2120211,도성초등학교,11680630
1188,2120214,영동대교남단교차로,11680565
1189,2120015,종로6가,11110630
1190,2120249,고덕역,11740540
1191,2120083,등나무근린공원,11350625
1192,2120116,송정역,11500620
1193,2120020,시청역_1번,11140520
1194,2120050,서울숲역,11200650
1195,2120024,회현역,11140540
1196,2120239,오금역,11710620
1197,2120177,신논현역 1번,11650560
1198,2120026,을지로입구역,11140550
1199,2120087,응암역,11380631
1200,2120140,문래동주민센터,11560605
1201,2120210,선릉역,11680590
1202,2120037,동대문역사문화공원역,11140590
1203,2120039,신당역,11140615
1204,2120195,성수대교남단,11680545
1205,2120222,삼성역,11680610
1206,2120243,천호역,11740610
1207,2120229,방이동먹자골목,11710562
1208,2120145,영등포역(영등포),11560535
1209,2120238,방이역,11710561
1210,2120028,명동(명동거리),11140550
1211,2120130,구로디지털단지역,11530540
1212,2120221,봉은사역,11680580
1213,2120193,도산공원교차로,11680545
1214,2120106,마포역,11440590
1215,2120054,어린이대공원역,11215710
1216,2120187,신논현역,11680521
1217,2120151,보라매공원,11590680
1218,2120043,서울역,11140540
1219,2120123,오류동역,11530770
1220,2120036,장충동족발거리(남소영길),11140580
1221,2120032,충무로역,11140570
1222,2120244,암사역,11740580
1223,2120128,신도림역,11530560
1224,2120063,청량리역(청량리),11230560
1225,2120012,대학로(혜화역),11110650
1226,2120007,북촌(안국역),11110600
1227,2120022,북창동(시청역_6번),11140520
1228,2120103,홍대입구역(홍대),11440660
1229,2120138,당산2동(영등포우체국),11560560
1230,2120202,압구정로데오역(압구정로데오),11680545
1231,2120186,가로수길,11680510
1232,2120109,서울남부지방법원,11470620
1233,2120197,역삼역,11680640
1234,2120133,서울시흥동우체국(홈플러스시흥점),11545670
1235,2120152,신대방삼거리역,11590660
1236,2120062,신설동역,11230536
1237,2120003,광화문역,11110530
1238,2120040,용산전자상가(용산역),11170570
1239,2120217,대치사거리,11680630
1240,2120155,총신대학교,11590651
1241,2120120,화곡역,11500540
1242,2120066,장한평역(장한평),11230650
1243,2120112,등촌역,11470530
1244,2120236,장지역(가든파이브),11710642
1245,2120041,신용산역(용산역),11170625
1246,2120030,중부경찰서(영화인의거리),11140550
1247,2120107,공덕역(공덕오거리),11440565
1248,2120076,수유역,11305630
1249,2120072,성신여대,11290575
1250,2120183,양재천카페거리,11650651
1251,2120212,한티역,11680630
1252,2120192,뱅뱅사거리,11680640
1253,2120069,상봉역,11260590
1254,2120046,이태원(이태원역),11170650
1255,2120153,노량진역(노량진),11590510
1256,2120034,중구청(퇴계로4가),11140590
1257,2120053,건대입구역(건대),11215710
1258,2120049,왕십리역(왕십리),11200560
1259,2120165,서래마을카페거리(서래마을),11650581
1260,2120163,사당역 11번(사당역먹자골목),11650610
1261,2120114,목동신시가지,11470550
1262,2120065,회기역,11230720
1263,2120166,방배역,11650600
1264,2120247,굽은다리역,11740600
1265,2120245,둔촌역,11740660
1266,2120121,까치산역,11500540
1267,2120219,은마아파트,11680630
1268,2120098,DMC(디지털미디어시티),11440740
1269,2120102,서교동(홍대),11440660
1270,2120160,사당역(사당),11650610
1271,2120149,여의도역(여의도),11560540
1272,2120184,포이사거리(삼호물산),11650652
1273,2120002,서촌(경복궁역),11110530
1274,2120228,석촌역(석촌호수),11710580
1275,2120125,구로역,11530530
1276,2120204,르네상스호텔사거리,11680640
1277,2120091,본서부병원,11380580
1278,2120122,강서구청,11500591
1279,2120200,학동사거리,11680545
1280,2120172,교대입구교차로,11650530
1281,2120158,녹두거리(대학동),11620735
1282,2120225,잠실새내역(신천),11710650
1283,2120148,국회의사당역(국회의사당),11560540
1284,2120099,월드컵경기장역(월드컵경기장),11440730
1285,2120190,강남을지병원,11680545
1286,2120132,독산동,11545610
1287,2120188,압구정역,11680510
1288,2120242,강동구청역,11740640
1289,2120213,삼성중앙역,11680590
1290,2120093,연희동,11410615
1291,2120108,신정네거리역,11470650
1292,2120110,목동역 8번출구,11470650
1293,2120090,연신내역,11380530
1294,2120059,구삼강변맛길,11215870
1295,2120233,몽촌토성역,11710562
1296,2120159,서울대입구역,11620595
1297,2120237,경찰병원역,11710620
1298,2120105,상수역(홍대),11440655
1299,2120208,청담사거리(청담동명품거리),11680565
1300,2120104,연남동(홍대),11440660
1301,2120173,교대역(법원.검찰청),11650510
1302,2120230,송파사거리(송파역),11710600
1303,2120181,교육개발원입구사거리,11650651
1304,2120033,을지로4가역,11140605
1305,2120101,합정역,11440680
1306,2120201,도곡1동,11680640
1307,2120096,"이화여대(이대역, 이대)",11410585
1308,2120156,"총신대입구역(이수, 총신대)",11590630
1309,2120194,언주역(차병원),11680531
1310,2120161,방배동가구거리(사당동가구거리),11650590
1311,2120119,발산역(마곡),11500603
1312,2120157,신림역(신림),11620695
1313,2120167,고속터미널(고속터미널역),11650581
1314,2120220,대치역,11680600
1315,2120232,송파나루역,11710562
1316,2120182,"양재시민의숲역(양재동꽃시장, aT센터)",11650652
1317,2120094,"신촌역(신촌역, 신촌로터리)",11410585
1318,2120209,"강남구청(청담역_8번, 강남세무서)",11680565
1319,2120025,롯데백화점(시청광장 지하쇼핑센터),11140520
1320,2120060,강변역(테크노마트),11215870
1321,2120064,경희대학교(경희대),11230710
1322,2120051,뚝섬역,11200660
1323,2120078,미아사거리역,11305545
1324,2120223,휘문고교사거리,11680610
1325,2120084,공릉역,11350595
1326,2120191,학동역,11680521
1327,2120005,삼청동,11110540
1328,2120014,종로5가역,11110630
1329,2120027,명동역(명동재미로),11140550
1330,2120115,김포공항역(김포공항),11500640
1331,2120240,개롱역,11710632
1332,2120126,디지털단지오거리,11530595
1333,2120131,가산디지털단지,11545510
1334,2120226,석촌고분역,11710610
1335,2120031,을지로3가역,11140605
1336,2120038,약수역,11140625
1337,2120216,경기고교사거리(경기고교앞사거리),11680565
1338,2120227,잠실역,11710710
1339,2130116,동성타워프라자,11260680
1340,2130254,남서울상가,11560535
1341,2130316,마천시장,11710550
1342,2130131,동북프라자,11305534
1343,2130147,쌍문역동측상점가,11320511
1344,2130126,새석관시장,11290810
1345,2130173,백련시장,11410700
1346,2130125,장위전통시장,11290770
1347,2130082,면곡골목시장,11215760
1348,2130231,독산동 우시장,11545610
1349,2130095,청량리전통시장,11230545
1350,2130161,증산종합시장,11380640
1351,2130096,동부시장,11230600
1352,2130258,영진시장A동,11560680
1353,2130077,조양시장,11215847
1354,2130026,소공지하도상가,11140520
1355,2130249,동남상가,11560535
1356,2130185,망원월드컵시장,11440700
1357,2130091,청량종합도매시장,11230545
1358,2130213,방신전통시장,11500630
1359,2130124,번동시장,11290780
1360,2130079,한아름시장,11215710
1361,2130263,신노량진시장(기능상실),11590520
1362,2130320,암사종합시장,11740570
1363,2130321,장신구 특화거리 상점가,11740640
1364,2130136,수유재래시장,11305610
1365,2130199,신월3동 골목시장,11470580
1366,2130178,이대 앞 스타트업 상점가,11410585
1367,2130241,선유도역 골목형상점가,11560620
1368,2130266,만양로상점가,11590510
1369,2130073,뚝도시장,11200670
1370,2130193,신수시장,11440630
1371,2130060,신흥시장,11170520
1372,2130018,동대문문구완구거리(동대문문구완구시장),11110670
1373,2130197,마포시장,11440555
1374,2130002,세종마을음식문화거리(금천교시장),11110530
1375,2130030,을지로지하보도쇼핑센터(을지입구지하상가),11140550
1376,2130189,서교시장,11440660
1377,2130006,종로4가지하쇼핑센터,11110615
1378,2130089,청량리수산시장,11230536
1379,2130308,청담삼익시장,11680565
1380,2130181,아현가구거리상점가,11410555
1381,2130138,수유프라자,11305610
1382,2130319,성내전통시장,11740650
1383,2130220,등마루시장,11500520
1384,2130324,길동복조리시장,11740685
1385,2130117,정릉시장,11290640
1386,2130108,태능엔터피아(태릉시장),11260610
1387,2130043,제일평화시장,11140610
1388,2130016,동대문상가B동,11110670
1389,2130217,화곡본동시장,11500590
1390,2130265,노량진중앙시장,11590510
1391,2130299,엔터식스 강남점,11650581
1392,2130005,세운상가가동,11110615
1393,2130088,경동시장,11230545
1394,2130149,창동신창시장,11320512
1395,2130059,후암시장,11170510
1396,2130112,사가정시장,11260575
1397,2130145,쌍문역둘리상점가,11320680
1398,2130021,신설종합시장,11110710
1399,2130098,회기시장,11230710
1400,2130157,상계중앙시장,11350640
1401,2130166,응암시장(신응암시장),11380590
1402,2130311,새마을시장,11710650
1403,2130183,상암동상점가,11440740
1404,2130048,동평화시장,11140615
1405,2130164,역촌중앙시장,11380552
1406,2130297,강남터미널지하도상점가1구역,11650580
1407,2130190,홍대소상공인상점가,11440660
1408,2130191,홍대 걷고싶은 거리,11440660
1409,2130154,상계주공1단지(가)상가,11350695
1410,2130309,은마종합상점가,11680610
1411,2130228,구로시장,11530550
1412,2130203,서서울 골목형상점가,11470560
1413,2130025,삼익패션타운(남대문시장),11140540
1414,2130240,영등포유통상가,11560550
1415,2130167,연신내상점가(연빛거리),11380551
1416,2130180,포방터시장,11410660
1417,2130222,오류시장,11530770
1418,2130211,신정2동 골목시장(오목교중앙시장),11470630
1419,2130033,대림상가(청계상가),11140605
1420,2130140,숭인시장,11305555
1421,2130141,강북북부골목시장,11305590
1422,2130260,신대방1동골목상권,11590670
1423,2130174,연희사러가,11410615
1424,2130065,무학봉상점가,11200520
1425,2130187,영진시장,11440660
1426,2130218,신월중앙시장,11500535
1427,2130255,영등포전통시장,11560535
1428,2130275,강남골목시장,11620725
1429,2130196,공덕시장,11440555
1430,2130113,신아타운,11260690
1431,2130296,남부종합시장,11650590
1432,2130009,마전교지하쇼핑센터(구 한일상가),11110630
1433,2130153,창동역상점가,11320514
1434,2130001,통인시장,11110515
1435,2130031,청계천공구상가,11140605
1436,2130019,동대문상가D동,11110670
1437,2130144,백운시장,11320660
1438,2130283,신원시장,11620655
1439,2130184,마포농수산물시장,11440730
1440,2130194,용강동 상점가,11440590
1441,2130195,도화동 상점가,11440585
1442,2130245,영일시장,11560605
1443,2130168,연서시장,11380530
1444,2130202,신영시장,11470560
1445,2130186,망원시장,11440690
1446,2130310,강남개포시장,11680670
1447,2130278,미성동 도깨비시장 골목형상점가,11620765
1448,2130076,능동로골목시장,11215840
1449,2130244,대림중앙시장,11560710
1450,2130011,충신시장,11110630
1451,2130225,개봉중앙시장,11530750
1452,2130066,행당시장상점가,11200560
1453,2130152,오!도봉거리 상점가,11320522
1454,2130313,방이시장,11710562
1455,2130294,관악중부시장,11620575
1456,2130003,종각지하쇼핑센터,11110615
1457,2130039,청계6가 지하도상가,11140590
1458,2130230,가리봉시장,11530595
1459,2130233,남문시장,11545630
1460,2130171,불광먹자골목 골목형상점가,11380520
1461,2130305,논현종합시장,11680531
1462,2130051,동화동 골목형상점가,11140665
1463,2130063,신금호역 골목형상점가,11200615
1464,2130054,황학동주방가구거리상점가,11140670
1465,2130049,신당 미래유산 먹거리 골목형상점가,11140615
1466,2130020,동묘시장(동묘벼룩시장),11110710
1467,2130277,조원동 펭귄시장(신림중앙시장),11620725
1468,2130207,신정1동 골목시장(신정제일시장),11470620
1469,2130232,독산동 맛나는거리상점가(독산동 맛나는거리),11545640
1470,2130133,우이골목시장(우이시장),11305620
1471,2130253,영신상가(제일상가),11560535
1472,2130146,쌍문시장(쌍문역골목시장),11320680
1473,2130107,중랑동부시장(중랑교종합상가),11260590
1474,2130132,삼양골목시장(삼양시장),11305534
1475,2130261,성대전통시장(성대시장),11590550
1476,2130027,명동지하쇼핑센터(소공동지하쇼핑센터),11140550
1477,2130287,삼성동 시장(삼성동시장),11620745
1478,2130080,자양종합시장(기능상실),11215830
1479,2130105,장미제일시장(중화동제일시장),11260610
1480,2130075,노룬산시장(노룬산골목시장),11215847
1481,2130044,에리어식스(벨포스트),11140610
1482,2130071,성수역 골목형상점가,11200690
1483,2130118,정릉골 골목형상점가,11290650
1484,2130123,꿈의숲 장곡 골목형상점가,11290760
1485,2130242,대림중앙 골목형상점가,11560710
1486,2130264,상도약수골목형상점가,11590560
1487,2130290,영림시장,11620595
1488,2130282,난곡 골목형상점가,11620775
1489,2130326,고덕 골목형상점가,11740560
1490,2130111,"동원전통종합시장(동원시장, 동원전통시장 상점가)",11260565
1491,2130012,"동대문종합시장(동대문종합시장 신관, 동대문종합시장D동상가)",11110630
1492,2130302,강남시장(강남구 강남시장),11680510
1493,2130246,영등포청과시장(조광시장),11560550
1494,2130028,을지입구지하상가(을지로지하보도쇼핑센터),11140550
1495,2130155,시영B상가(중계 그린아파트 B 상가),11350625
1496,2130047,테크노상가(엘리시움),11140615
1497,2130037,청계5가쇼핑센터(청계5가지하쇼핑센터),11140605
1498,2130267,본동인정시장(기능상실),11590510
1499,2130274,사당1동먹자골목상점가(사당1동먹자골목),11590620
1500,2130084,신성시장(신성골목시장),11215770
1501,2130128,돌곶이시장(석관황금시장),11290810
1502,2130087,경동광성상가(경동시장),11230545
1503,2130276,신림중앙시장(조원동 펭귄시장),11620725
1504,2130035,방산종합시장(방산시장),11140605
1505,2130041,신평화패션타운(청계6가 지하도상가),11140610
1506,2130120,돈암시장(돈암제일시장),11290555
1507,2130273,남성사계시장(남성시장),11590630
1508,2130135,수유중앙골목시장(수유중앙시장),11305630
1509,2130236,비단길현대시장(현대시장),11545670
1510,2130315,문정동 로데오거리 상점가(문정동 로데오거리),11710641
1511,2130177,인왕시장(홍제골목형상점가),11410640
1512,2130007,광장시장(광장전통시장),11110615
1513,2130208,목동깨비시장(목3동시장),11470530
1514,2130069,"한양대앞상점가(한양시장, 왕십리맛골목)",11200550
1515,2130165,"대림골목시장(대림시장, 양지시장)",11380600
1516,2130137,"수유전통시장(수유시장, 수유골목시장)",11305610
1517,2130200,"신월7동 골목시장(약수시장, 우성상가)",11470611
1518,2130055,"황학시장(서울중앙시장, 신중앙시장)",11140670
1519,2130038,"평화시장(통일상가, 동화상가)",11140590
1520,2130221,"남부골목시장(남부화곡시장, 남부시장)",11500570
1521,2130083,"중곡제일시장(중곡제일골목시장, 광성시장)",11215740
1522,2130224,개봉프라자(고척근린시장),11530730
1523,2130024,남대문시장(자유상가),11140540
1524,2130022,숭례문수입상가(남대문시장),11140540
1525,2130103,이경시장,11230720
1526,2130235,대명여울빛거리시장(대명시장),11545670
1527,2130100,답십리시장,11230610
1528,2130094,청량리청과물시장,11230545
1529,2130201,월정로시장,11470560
1530,2130307,도곡시장,11680650
1531,2130322,고분다리전통시장,11740620
1532,2130148,방학동도깨비시장,11320700
1533,2130317,마천중앙시장,11710550
1534,2130257,영등포시장기계공구상가,11560535
1535,2130293,봉천중앙시장,11620615
1536,2130032,인현시장,11140590
1537,2130158,상계역전종합상가,11350670
1538,2130291,봉천제일종합시장,11620595
1539,2130182,영천시장,11410520
1540,2130210,목2동시장,11470520
1541,2130129,장미원골목시장,11305645
1542,2130015,창신골목시장,11110680
1543,2130262,상도도깨비 골목형상점가,11590540
1544,2130130,수유북부골목시장,11305660
1545,2130008,종오지하쇼핑센터,11110615
1546,2130114,유영시장,11260660
1547,2130216,화곡중앙시장,11500540
1548,2130252,영등포로타리지하도상점가,11560535
1549,2130086,서울약령시장,11230545
1550,2130056,용산용문시장,11170590
1551,2130053,백학시장,11140650
1552,2130204,경창시장,11470570
1553,2130318,로데오거리상점가,11740610
1554,2130285,서원동상점가,11620645
1555,2130104,전곡시장,11230660
1556,2130243,도림시장,11560585
1557,2130004,낙원시장(낙원지하시장(대일상가)),11110615
1558,2130250,삼구시장(로타리상가),11560535
1559,2130072,성동용답상가시장,11200790
1560,2130212,공항시장,11500640
1561,2130281,우림시장,11620775
1562,2130314,풍납시장,11710510
1563,2130312,석촌시장,11710600
1564,2130304,신사상가,11680545
1565,2130179,"이화여대 3,5,7길 상점가",11410585
1566,2130078,화양제일골목시장,11215710
1567,2130289,봉일시장,11620605
1568,2130102,이문제일시장,11230750
1569,2130058,이촌종합시장,11170630
1570,2130057,만리시장,11170555
1571,2130237,박미시장(기능상실),11545690
1572,2130259,대신시장,11560630
1573,2130306,강남언주로,11680640
1574,2130323,둔촌역전통시장,11740660
1575,2130127,석관시장,11290810
1576,2130014,동문시장,11110670
1577,2130106,중랑동부시장,11260520
1578,2130064,금남시장,11200615
1579,2130150,창동골목시장,11320513
1580,2130300,강남터미널지하도상점가3구역,11650581
1581,2130121,길음시장,11290660
1582,2130097,답십리 건축자재시장,11230600
1583,2130268,상도전통시장,11590530
1584,2130292,봉천현대시장,11620605
1585,2130303,영동전통시장,11680521
1586,2130134,"솔샘시장(미아6,7동골목시장)",11305575
1587,2130163,응암오거리상점가,11380600
1588,2130223,고척근린시장,11530730
1589,2130101,답십리현대시장,11230600
1590,2130298,강남터미널지하도상점가2구역,11650581
1591,2130169,대조시장,11380570
1592,2130247,우리시장,11560700
1593,2130160,수일시장,11380650
1594,2130074,영동교골목시장,11215847
1595,2130067,왕십리도선동상점가,11200535
1596,2130192,동진시장,11440710
1597,2130215,대원종합시장,11500560
1598,2130198,아현시장,11440555
1599,2130010,종로신진시장,11110630
1600,2130109,묵1동도깨비시장,11260620
1601,2130280,신림종합시장,11620685
1602,2130256,신동시장,11560650
1603,2130013,동대문상가A동,11110670
1604,2130271,남성역골목시장,11590650
1605,2130070,뚝섬역상점가,11200660
1606,2130251,영등포시장지하도상점가,11560535
1607,2130279,관악신사시장,11620685
1608,2130229,남구로시장,11530530
1609,2130061,이태원시장,11170650
1610,2130034,필동 골목형상점가,11140570
1611,2130046,team204(팀204),11140615
1612,2130270,흑석시장,11590605
1613,2130151,신도봉시장,11320521
1614,2130188,합정시장,11440680
1615,2130301,양재시장,11650651
1616,2130206,신정3동 골목시장,11470640
1617,2130062,보광시장,11170700
1618,2130122,밤나무골시장,11290715
1619,2130040,남평화시장,11140610
1620,2130284,관악종합시장(신원시장),11620655
1621,2130269,강남시장(동작구 강남시장),11590530
1622,2130023,남대문로 지하상가(남대문지하쇼핑센터),11140520
1623,2130156,시영2단지 무지개종합상가(중계 무지개2단지아파트상가),11350625
1624,2130045,광희패션몰,11140610
1625,2130176,유진상가,11410660
1626,2130017,동대문상가C동,11110670
1627,2130175,신촌 상인회(신촌상점가),11410585
1628,2130205,신곡종합시장(신월6동 골목시장),11470610
1629,2130209,목사랑시장(목4동시장),11470540
1630,2130081,자양골목전통시장(자양골목시장),11215820
1631,2130036,중부시장(신중부시장),11140590
1632,2130093,동서시장,11230545
1633,2130234,푸른터시장(기능상실),11545630
1634,2130295,인헌시장(원당종합시장),11620625
1635,2130172,모래내시장(서중시장),11410690
1636,2130286,신신림시장(삼성동시장),11620745
1637,2130139,강북종합전통시장(강북종합골목시장),11305630
1638,2130214,송화벽화시장(송화골목시장),11500611
1639,2130052,서울중앙시장(신중앙시장),11140670
1640,2130110,면목골목시장(면목시장),11260570
1641,2130227,고척골목시장상점가(그라운드 고척),11530720
1642,2130288,신림현대종합상가,11620665
1643,2130162,증산골목시장,11380640
1644,2130272,사당시장,11590650
1645,2130239,양남시장,11560610
1646,2130115,우림골목시장,11260655
1647,2130143,방천골목시장,11305545
1648,2130029,명동역지하도상가,11140550
1649,2130248,영등포역지하도상점가,11560515
1650,2130042,약수시장,11140635
1651,2130238,은행나무시장,11545710
1652,2130219,까치산시장,11500593
1653,2130068,마장축산물시장,11200540
1654,2130226,고척프라자,11530720
1655,2130119,정릉아리랑시장,11290630
1656,2130325,명일전통시장,11740530
1657,2130159,공릉동 도깨비시장,11350595
1658,2130090,청량리종합시장,11230545
1659,2130142,강북북부시장,11305590
1660,2130085,용두시장,11230536
1661,2130050,청평화시장,11140615
1662,2130170,제일시장,11380570
1663,2130092,청량리농수산물시장,11230545
1664,2130099,전농로터리시장,11230560
1665,1001492,명동 남대문 북창동 다동 무교동 관광특구,11140520
1666,1001493,동대문패션타운 관광특구,11140590
1667,1001494,종로?청계 관광특구,11110615
1668,1001495,잠실 관광특구,11710566
1669,1001496,강남 마이스 관광특구,11680580
1670,1001491,이태원 관광특구,11170650
