,상권코드,상권코드명,x,y
0,2110753,시흥동 은행나무사거리,126.90884426244729,37.448687252791416
1,2110427,노원 을지대학교병원,127.0709781210762,37.634469187048175
2,2110755,동일여자고등학교,126.91297782653986,37.45100597335112
3,2110739,시흥3동 우편취급국,126.90156440931558,37.441482310621666
4,2111017,송파나루역 3번,127.11561416148406,37.509060482931616
5,2110249,중화역 1번,127.08157226664564,37.60450450020806
6,2110963,역삼월드메르디앙아파트,127.03686347002896,37.49237962946542
7,2110332,돌곶이역 3번,127.05838548979825,37.61260913342865
8,2110245,KB국민은행 중화동지점,127.07845039068405,37.59729869290797
9,2110719,영서중학교,126.89269435804749,37.48854340850656
10,2110932,서울시인재개발원,127.02334810818567,37.48426499246988
11,2110933,한국상담대학원대학교,127.02364278364563,37.48649943455552
12,2110868,남부초등학교,126.92358947871544,37.48484626668459
13,2110395,신한은행 방학동지점,127.03638149118464,37.66401014805241
14,2110393,국민은행방학지점,127.03307118732093,37.662128072038485
15,2110114,왕십리파출소,127.03171627870393,37.56748860942368
16,2110760,선유도역 6번,126.89221870299178,37.53626013747753
17,2111068,강동성심병원,127.13544445389259,37.53591629984992
18,2110619,목4동주민센터,126.86623803600335,37.531458265899175
19,2110093,우사단길,127.00014708046909,37.5325971987561
20,2110734,금천파출소,126.89897142962283,37.45378797071147
21,2111030,방이역 2번,127.12953250356634,37.50636104722695
22,2110573,신촌역 6번,126.93895596031699,37.553403518674926
23,2110053,청구역 1번,127.01260861712656,37.56200512940595
24,2110972,강남세브란스병원미래의학연구센터,127.04281264335714,37.494594100718025
25,2110911,방배배수지체육공원,126.98992737615963,37.47273394962857
26,2110969,베르사이유1아파트,127.04030455960988,37.49891981451104
27,2111002,한국교통안전공단 강남자동차검사소,127.11979244528801,37.469565171958735
28,2110863,난우초등학교,126.91838633712744,37.47635528370367
29,2110751,난곡중학교,126.9074065520853,37.47817623854604
30,2110993,개포지하차도 북측,127.05830284990829,37.47753138764699
31,2110725,가산동주민센터,126.89052769717107,37.4778284324838
32,2110723,가산디지털단지역 1번 출입구,126.88374711566482,37.48332711832771
33,2110938,바우뫼공원,127.03628974623736,37.47515252341267
34,2110999,윗방죽마을공원,127.10370931049309,37.471724786298864
35,2110941,언남고등학교,127.04187377814075,37.47381718173077
36,2110087,이태원엔틱가구거리,126.99389062119798,37.531155438823795
37,2110094,오산중학교,127.00116521493806,37.5252089791125
38,2110262,상봉역 3번,127.08938571483165,37.594506855109394
39,2110279,신내역 2번,127.10946531894086,37.61234756002396
40,2110107,금호사거리,127.02415993684879,37.54747023728243
41,2110576,대흥역 3번,126.94356742927634,37.546188815576706
42,2111010,석촌역 7번,127.10181110530536,37.505775509475164
43,2110098,서울독일학교,127.01036405717421,37.536507087716565
44,2110669,화곡보람2차아파트,126.85452001449599,37.55322155566556
45,2111081,둔촌푸르지오아파트,127.14632758947768,37.535254596279884
46,2110331,돌곶이역 8번,127.05724945164818,37.60812276416679
47,2110786,당산역 8번,126.90483710768926,37.53404550884538
48,2110956,언주역 8번,127.03120342994444,37.504815146991504
49,2111003,삼전역 4번,127.08208472762392,37.50391677351397
50,2110565,홍익대,126.92808080750386,37.55287481671905
51,2110149,세종대학교,127.07618527426932,37.55247570213786
52,2110110,상왕십리역 6번,127.02807017165075,37.563921588285666
53,2110539,미근동,126.9669159245093,37.56337068196435
54,2110505,홍남교남측,126.92471009697312,37.573640679055195
55,2110055,황학동벼룩시장,127.0185300595018,37.569906083686504
56,2110122,마장역 2번,127.043873209347,37.56775501630299
57,2111065,천일초등학교,127.13415458633767,37.54221575875317
58,2110305,보문역 5번,127.02222446245891,37.584168186170565
59,2110499,연가초등학교,126.91840700091913,37.58200672502095
60,2110150,중곡1동 마을마당,127.07661327801165,37.56153945701175
61,2110236,신묵초등학교,127.07496308624691,37.60896878176354
62,2111023,문정역 1번,127.1229875320095,37.4877892985682
63,2110925,서초중학교,127.00664850265811,37.48683498611699
64,2110910,내방역 5번,126.98948431539374,37.48823126765227
65,2110775,대동초등학교,126.90102367555734,37.4916591551569
66,2110854,조원동주민센터,126.90766146008556,37.48233909885945
67,2110853,KT구로지사,126.9022926060665,37.48108237906902
68,2110918,방배역 3번,126.99357802713183,37.48227589570919
69,2110243,중랑노인종합복지관,127.07794267714863,37.588217032735585
70,2110935,한전아트센터,127.02674077206842,37.48619243120916
71,2110585,마포경찰서,126.95450631590495,37.55214913697492
72,2110871,신원동주민센터,126.9273359823323,37.48072201101325
73,2110811,보라매역 4번,126.91723058225901,37.49921304630926
74,2110992,도곡초등학교,127.05646557351078,37.4999043020278
75,2111043,마천공원,127.14570735669348,37.501404696885146
76,2111039,벌말어린이공원,127.14001958312669,37.501799007703106
77,2110771,대림역 11번,126.89877244875176,37.492396073405956
78,2110700,고척초등학교,126.85757222499912,37.50144473673073
79,2110903,방배아이파크아파트,126.98477967533759,37.49242044056455
80,2110709,구로119안전센터,126.8816392078659,37.49360551975271
81,2110986,삼성중앙역 7번,127.05245841947762,37.51065514168988
82,2110949,한남IC,127.01942289119167,37.520855545263544
83,2111026,문정역 2번,127.12650917675207,37.484127488869305
84,2110621,목동역 5번,126.86775400172714,37.52508989488255
85,2110684,서울공연예술고등학교,126.83031368861175,37.49796688717008
86,2110757,양평역 2번,126.88387477170808,37.52501674540716
87,2110878,미림여고,126.9328787654401,37.464930582420536
88,2110866,난우중학교,126.92209103620763,37.468807319879204
89,2110379,KT&G 북부지사,127.03531387066326,37.63534118773747
90,2110882,신성초등학교,126.93676058714139,37.472816567517384
91,2110724,금천구립가산도서관,126.89033085849319,37.4732691422267
92,2110926,신중초등학교,127.00765427393891,37.48144689411784
93,2111016,송파역 2번,127.11511536674168,37.50095192611432
94,2110223,군자초등학교,127.06304478472578,37.56402522202651
95,2110648,양천향교역 7번,126.83775277595467,37.56678672607522
96,2110629,송정역 4번,126.80847721175421,37.559715101363885
97,2110023,서울대병원,127.00121133187973,37.578728270381184
98,2110946,청계산원터골,127.05684133163322,37.44357295598442
99,2110160,광진경찰서,127.08322592989921,37.543695223792824
100,2110923,방배역 1번,126.9997851855917,37.48049207227714
101,2110788,영등포시장역 3번,126.90614159052049,37.522333533310785
102,2111011,잠실나루역,127.10442205195552,37.52084702218922
103,2110950,논현역 7번,127.0239906637136,37.51361063787958
104,2110991,삼성중앙역 5번,127.05584154686173,37.51235648881285
105,2110774,당산반도유보라팰리스아파트,126.89979868031905,37.528319984998625
106,2110796,한림대학교한강성심병원,126.90896798407681,37.52372328912576
107,2110601,신월1동우편취급국,126.83649095335954,37.52781682441709
108,2110687,"천왕역 3번(오류2동주민센터, 서울오류남초등학교)",126.83779816198066,37.48836366420521
109,2110618,강서고등학교,126.86569873195882,37.535674335464
110,2110545,마포구청역 1번,126.90472930016604,37.565418179110715
111,2110460,구산역 4번,126.91486046452039,37.61441286105036
112,2110483,연천초등학교,126.92695137953889,37.62007015960221
113,2110906,서문여고,126.98637448697919,37.490168116636895
114,2110626,양화초등학교,126.87344544667364,37.544503675619936
115,2110745,독산동정훈단지,126.90425688654634,37.46569473862942
116,2110790,대림1동주민센터,126.90633136917573,37.497204673555814
117,2110795,도림초등학교,126.90865799858858,37.508892534928336
118,2110501,연희어린이공원,126.9213083466015,37.568322589740305
119,2110514,서대문우체국,126.93371072123558,37.55956351214801
120,2110838,상도1동주민센터앞,126.95357835234518,37.497349818107644
121,2110488,우리은행응암동지점,126.93037916980676,37.60041264984001
122,2110288,동구여중,127.00529903036923,37.5909816644312
123,2110204,간데메공원,127.04915179032503,37.573591385759435
124,2110340,인수중학교,127.00852076383518,37.64430195306462
125,2110011,청운초등학교,126.9681849080413,37.58690500960662
126,2110189,제기동역 1번,127.03337436337304,37.57978673167121
127,2110231,장안교,127.07346311353525,37.580831763058875
128,2110475,백련산해모로아파트,126.92230796672945,37.597614541387856
129,2110890,봉천역 1번(관악초등학교),126.94536959102884,37.480101019065884
130,2110435,서울과학기술대,127.07636590760376,37.62961851972373
131,2110401,도봉구민회관,127.0393122453304,37.655098499119156
132,2110337,아카데미하우스,127.00700247092561,37.64467145639862
133,2110195,동대문구청,127.04066299592847,37.575919181053216
134,2110388,도봉우체국,127.0293598359571,37.648686398035935
135,2110224,외대앞역 2번,127.0635573361124,37.59444250001194
136,2110246,월드순복음교회,127.07853628318216,37.592829718616194
137,2110423,석계역 2번,127.0639974432876,37.61912937845925
138,2110271,신내역 1번,127.09805276296701,37.615393925089435
139,2110104,신금호역 4번,127.02009866826975,37.55202104083577
140,2110193,고려대역 4번,127.03780574690117,37.58940800231942
141,2110373,수유역 2번,127.02908321216363,37.63671238571526
142,2110960,은광여고,127.03407945616239,37.487334822600594
143,2111055,선사초등학교,127.12847403119733,37.55525050791101
144,2110773,당산역 13번,126.89923337498634,37.536464551338774
145,2110072,열정도,126.96885020483049,37.53903524514368
146,2110121,한양대역 4번,127.04203331368896,37.55674550797018
147,2110990,청담역 12번,127.05501047173325,37.5204298702398
148,2110797,KT대방빌딩,126.90917165340028,37.495684190673664
149,2110100,옥수동우편취급국,127.01053434083558,37.540534543680714
150,2110091,리움미술관,126.99867620188306,37.53677783523744
151,2110805,신길새마을금고신길4동지점,126.9127332062102,37.50588626012905
152,2110663,우장산롯데캐슬아파트앞,126.84960609966707,37.55438669519137
153,2110530,아현역 1번,126.95362028061808,37.557509728365346
154,2110026,종로5가역 4번,127.00537698545331,37.57285366978997
155,2110043,충무초등학교,127.00110917436085,37.56053717274533
156,2110564,홍대입구역 3번,126.92559528553542,37.56002719515654
157,2110948,헌인가구단지,127.08908857004951,37.45902344695009
158,2110238,배꽃어린이공원,127.07547879370138,37.603760732868736
159,2110914,내방역 6번,126.99115762197954,37.48956489631155
160,2110880,신림역 1번,126.93343839493573,37.48394220732151
161,2110779,대림갑을명가아파트,126.90283823740734,37.49627381576903
162,2110791,신풍역 3번,126.90711985251255,37.49971910298822
163,2111037,Sh수협은행 오금동금융센터(아랫말어린이공원),127.13771761997012,37.50458581909691
164,2110705,고산초등학교,126.86454171976351,37.49975904398999
165,2110570,KB국민은행 서강지점,126.93538783197883,37.544076285346534
166,2110921,서울프랑스학교,126.99651695563975,37.49750304854344
167,2110798,신풍역 2번,126.90919072424965,37.49861247569858
168,2110852,이수역 9번,126.9795918721424,37.48328343750813
169,2110343,무너미어린이공원,127.01206736486323,37.6446710470518
170,2110523,홍제성원아파트,126.9440598811716,37.5837515763457
171,2110200,동대문경찰서,127.04446076713647,37.585044878440364
172,2110965,언주역 6번,127.03785426242342,37.5062728314113
173,2110275,하나은행 망우동지점,127.09943433757401,37.59819288067087
174,2110298,솔숲어린이공원,127.01586601703472,37.60461271322752
175,2110347,구세군강북종합사회복지관,127.01392212034308,37.62588529672815
176,2110383,덕성여대시반거리,127.01390421020226,37.65135614222482
177,2110389,한일병원,127.02948280110911,37.644433724447346
178,2110342,국립재활원,127.01194153701364,37.637246947137704
179,2110412,창동중학교,127.04783838490313,37.66155538928364
180,2110320,KB국민은행 종암동지점,127.03710640616922,37.59475110674852
181,2110678,염창무학아파트,126.87615181295091,37.55018283463301
182,2110146,신자초등학교,127.07263420598557,37.53165584143816
183,2110073,삼각지역 3번,126.9726547987273,37.53135966132743
184,2110151,자양한강도서관,127.0772608431445,37.5309951744624
185,2110169,성동초등학교,127.08850832460195,37.53245591234164
186,2111076,둔촌2동주민센터,127.14294170589444,37.53372704290136
187,2111067,강동구립성내도서관,127.13520018362644,37.53222247868084
188,2110154,광진정말공원,127.07908476343285,37.533291519678045
189,2111058,성내중학교,127.13007065315344,37.52970543746229
190,2110783,영등포시장역 1번,126.90391039488061,37.52441305427953
191,2110143,뚝섬유원지역 1번,127.0687213826458,37.53354127516038
192,2110092,NH농협은행 보광동지점,126.99967191474084,37.52864180205615
193,2110144,어린이대공원역 4번,127.07174321170393,37.5463787256572
194,2110059,새남터성지,126.95589113196873,37.525876499790996
195,2110044,관성묘,127.00345203928632,37.56090653619365
196,2110088,오산고등학교,126.99529382466527,37.52623603359456
197,2110770,영등포구청역 6번,126.89818851873096,37.52270536636208
198,2110976,언북초등학교,127.04557700798111,37.52171331120836
199,2110155,광진구청,127.0792944823279,37.5390217414153
200,2110267,망우역 2번,127.09167016274854,37.60141570272432
201,2110600,신월7동주민센터,126.83443216325018,37.52260616868013
202,2110985,청담근린공원,127.0522521435632,37.523026010525676
203,2110756,문래중학교,126.88358516319497,37.522106223716655
204,2110129,성원어린이공원,127.0502339374482,37.54991273983271
205,2110234,중랑역 4번,127.07407605427545,37.593868742492866
206,2110045,동대문역사문화공원역 5번,127.00494613846486,37.56244718739774
207,2110398,쌍문2동우체국,127.03702294463871,37.65480191563858
208,2110704,고척중학교,126.86368304640926,37.499316563552775
209,2110981,국악고교사거리,127.04892921001091,37.47550836944001
210,2110381,번동주공2단지,127.04409001267133,37.628274505221505
211,2110977,논현로18길,127.04690671040551,37.477338239228565
212,2111082,중앙보훈병원,127.14744397477708,37.53336110750202
213,2110628,신목동역,126.87976974053055,37.54523108320614
214,2110126,서울숲역 1번,127.04667779371327,37.5454812853015
215,2110556,절두산순교성지,126.91332175397933,37.54462076922717
216,2110180,광진정보도서관,127.1085131692291,37.54941405489708
217,2110577,용강동주민센터,126.94393157695451,37.54346797158812
218,2110653,화곡역 2번,126.84107190809905,37.54422127258068
219,2110148,어린이대공원역 3번,127.07588388317875,37.545421078477936
220,2110581,염리초등학교,126.9468284267959,37.54336119158906
221,2110139,자양4동주민센터,127.06397089598504,37.535183765289105
222,2111071,천동초등학교,127.13907284369844,37.54011074085394
223,2110102,옥수역 6번,127.0155474718292,37.543182929228465
224,2110908,구반포역,126.98713005966114,37.50198940952065
225,2111041,거여역 8번,127.1412942316068,37.49404884074135
226,2110777,구로세무서,126.90160499518959,37.51398655323741
227,2110764,문래역 3번,126.89470679059968,37.5209363490319
228,2110959,신구중학교,127.03237722460005,37.525411777447985
229,2110962,도산공원북측,127.03509242201088,37.52568130254807
230,2110070,용산세무서,126.96818911909422,37.52375408705928
231,2110604,신월4동주민센터,126.83988299172223,37.523415575570034
232,2110602,신월시영아파트중문,126.8375279894791,37.519123590245535
233,2110643,강서구다솔마을,126.81970514827387,37.554804331586574
234,2110598,신월문화체육센터,126.83323692708419,37.520865553619615
235,2110729,가산동우체국,126.8930603313531,37.47770461054916
236,2110761,문래동남성맨션,126.89252546226317,37.5117171213696
237,2110784,신대림초등학교,126.90395192839249,37.49200395476264
238,2110818,신대방역 3번,126.91039236231863,37.48671109134753
239,2110553,가좌역 2번,126.91081565105381,37.56808988072431
240,2111045,개미어린이공원,127.1507199117793,37.4914422931318
241,2110461,새절역 2번,126.91521578132328,37.59075311478741
242,2110476,역촌역 2번,126.92280645575872,37.60833665139187
243,2110842,흑리단길,126.96511980271379,37.50721980233469
244,2110287,정릉3동주민센터,127.00361283458892,37.60936194043232
245,2110312,안암역 2번,127.02946068560158,37.5884012685724
246,2110494,증산3교남측,126.90603654580379,37.57899721790509
247,2110504,명지전문대,126.92412022880195,37.586001935107646
248,2110184,용두사거리,127.02912774991186,37.57662536649483
249,2110183,한국의류시험연구원,127.02830182116641,37.577868939504924
250,2110244,중화역 4번,127.0782870024537,37.603470586677474
251,2110434,태릉입구역 4번,127.0763117135635,37.62093304248186
252,2110386,연산군묘,127.02363001020672,37.66098609481919
253,2110248,먹골파출소,127.08048542562017,37.61532612526742
254,2110132,성수2가3동주민센터,127.05417173833932,37.549442479739504
255,2110145,장안초등학교,127.0726171186796,37.54903613745619
256,2111080,굽은다리역 3번,127.14602437391014,37.54802212738137
257,2110612,신정역 5번,126.85578834113089,37.52341804735032
258,2110082,용산구청,126.99125439012003,37.53241667479244
259,2110594,신월중학교,126.82711427537356,37.5416878765089
260,2110141,건대입구역 1번,127.06627468523317,37.543084264733295
261,2110103,옥수터널,127.01663439263582,37.546038948879044
262,2111078,굽은다리역 4번,127.14463459152908,37.54325755634858
263,2110644,신광명마을,126.82392181982858,37.54716122864463
264,2110096,한남힐사이드아파트,127.00382460801431,37.54269735104003
265,2110127,성수1가1동주민센터,127.0494703198073,37.54172298103504
266,2110097,한남초등학교,127.00565725417557,37.53674166713123
267,2110561,상수역 4번,126.9207881820217,37.546446031671685
268,2110264,면목역 2번,127.09123348629495,37.5869371089027
269,2110166,구의1동주민센터,127.0855541011759,37.54121581168426
270,2110136,경수초등학교,127.05955104445609,37.540249698078
271,2110438,경춘선숲길 우측,127.07855964687465,37.625814917050356
272,2110131,성수동카페거리,127.05300102422453,37.54220798892344
273,2110566,경의선책거리,126.9285756658092,37.556109698517126
274,2110569,홍대땡땡거리,126.93177969705589,37.55479613691822
275,2110554,망원역 1번,126.91261791862901,37.556252136472146
276,2110054,청구역 3번,127.01335473099618,37.556986493968935
277,2110582,이대역 5번,126.94735197968069,37.55512846652337
278,2110650,우장산힐스테이트,126.83892024427324,37.55552587662759
279,2110164,아차산역 5번,127.08521725858311,37.55345161660705
280,2111032,방이역 1번,127.130622397802,37.508738498568675
281,2110677,등촌역 1번,126.86539485756376,37.553657922513246
282,2110699,덕의초등학교,126.85599077050499,37.50638032563805
283,2111015,석촌역 3번,127.11210335832506,37.505982431526284
284,2110814,서울지방병무청,126.92141759447811,37.50738802468117
285,2110826,장승배기역 4번,126.93437117189629,37.50334140862149
286,2110177,동의초등학교,127.09549181314311,37.552425626776184
287,2110623,갈산공원,126.86929062355725,37.50672916269658
288,2110111,대현산장미원,127.02977472922014,37.552478506366405
289,2111006,석촌고분역 1번,127.09307906490247,37.50508893889217
290,2110047,다산성곽길,127.00688094675463,37.55551842276816
291,2111004,삼전역 1번,127.0848248883756,37.5067890437664
292,2110967,역삼역 8번,127.03824915298691,37.50439861327024
293,2110555,홍익지구대,126.9127345917184,37.55325190115187
294,2110575,대흥동주민센터,126.94125206365608,37.55499944937563
295,2110050,약수역 7번,127.01088679065812,37.55210333935634
296,2110649,우장산역 1번,126.83790754151045,37.55282149999381
297,2110168,대원고등학교,127.08792333895974,37.56419852501654
298,2110580,양원초등학교,126.94495405445997,37.55330735754673
299,2110661,강서새말어린이공원,126.84767549069299,37.552113707498776
300,2110106,금북초등학교,127.02410625508702,37.556471219837235
301,2110174,아차산역 1번,127.09117227238866,37.55530322344003
302,2110540,망원나들목체육관,126.89985482259638,37.554016537551256
303,2110557,홍대부속여중고앞,126.91519610078308,37.55819116018065
304,2111070,천호초등학교,127.1371510861222,37.54726691871893
305,2110051,한양공고앞 교차로,127.01154491818012,37.56345584261782
306,2110624,목동문화체육센터,126.87121069756053,37.54115855319315
307,2111084,길동신동아아파트,127.1483096158833,37.541991599532196
308,2110101,옥정중학교,127.01268422000499,37.540615422318766
309,2110559,성산중학교,126.9167931562486,37.546884773534025
310,2110170,동대부여고,127.0887000603117,37.54150181039257
311,2110159,구의역 4번,127.08085140694521,37.534831034578076
312,2111083,GS강동자이아파트,127.14746426569641,37.5379201416534
313,2110134,성수119안전센터,127.05721707716911,37.536232391293005
314,2111007,석촌고분역 4번,127.09371718660485,37.49986260284927
315,2111009,송파책박물관,127.10170004084037,37.49893697420306
316,2110075,숙대입구역 1번,126.97431248471968,37.547181595215555
317,2110563,상수역 3번,126.92480594684625,37.545853999261695
318,2110120,서울숲카페거리,127.04095291242392,37.5471772876279
319,2110567,광흥창역 6번,126.92905949541603,37.547145059604645
320,2110179,광나루역 1번,127.10315601506437,37.54615724219062
321,2110217,자동차부품상가,127.05867663558517,37.56509965916756
322,2111051,천호역 6번,127.12446767229905,37.53481113905397
323,2110065,남정초등학교,126.9645404234516,37.53654726883579
324,2110579,마포역 4번,126.94489864757588,37.53633250747629
325,2110173,구남초등학교,127.09086527763722,37.535481484535836
326,2110095,한강진역 3번,127.00178771361725,37.53763377953973
327,2110076,삼각지역 14번,126.97448636493088,37.53503615539987
328,2110034,창신1동주민센터,127.01729637945573,37.570545977592715
329,2110843,사당5동주민센터,126.96717606010826,37.48634406917461
330,2110599,신월1파출소,126.83397191352839,37.53121008237957
331,2111056,천호태영아파트,127.12891925135688,37.53777065328774
332,2110140,건대입구역 6번,127.065942712063,37.538741631964484
333,2110667,가양역 10번,126.85313398746406,37.56171623744068
334,2110844,흑석2치안센터,126.9688527628825,37.505671116846365
335,2111012,석촌역 6번,127.1059793323171,37.50216782294707
336,2110268,망우3동주민센터,127.09464751529215,37.59173670890063
337,2110543,중암중학교,126.90284029845272,37.57317420824893
338,2110086,이태원역 북측,126.99245319025482,37.53706592166756
339,2111020,방이동고분군(방산고등학교),127.12038375310789,37.506965388173775
340,2110793,대림썬프라자,126.9075654088576,37.4960613675239
341,2110099,유엔빌리지길,127.01240031165786,37.534389539812835
342,2110058,성심여자고등학교,126.95464168134961,37.534192270014564
343,2110593,신월3동주민센터,126.82637546046945,37.53336155890329
344,2110176,해오름공원,127.09149232929214,37.5578978477193
345,2110040,중구회현체육센터(정화예술대남산캠퍼스),126.98192603674525,37.556183978135365
346,2111008,석촌고분역 3번,127.10088765092874,37.50030719963057
347,2110118,왕십리역 9번,127.03611474135421,37.55777460358764
348,2111063,강동구립 천호도서관,127.13222700654671,37.539965434841015
349,2110133,서울교통공사,127.05664881873003,37.562785089259584
350,2110721,가리봉파출소,126.89306861989473,37.4798219891097
351,2110888,청룡동주민센터,126.94365208684482,37.47876671891968
352,2110436,상계제일중학교,127.07657803310386,37.65969322100557
353,2110697,개봉3동주민센터,126.85280065943097,37.483698069730714
354,2111040,거여초등학교,127.14076835846217,37.503059524871624
355,2110889,봉천역 6번,126.94521947595695,37.48439876121356
356,2110858,신대방역 1번,126.91465480408822,37.486957519393656
357,2110964,싸리고개근린공원,127.03740515760639,37.49019902127515
358,2110975,매봉역 1번,127.04517162847172,37.48725902172483
359,2110511,연희초등학교,126.93199588810356,37.56596862102958
360,2110165,국립정신건강센터,127.08531764585065,37.56209210563485
361,2110508,서연중학교,126.92734011929785,37.56976804872208
362,2111069,천호1동주민센터,127.13553900071231,37.54439459505843
363,2110161,중곡역 3번,127.08360410666958,37.56822010365321
364,2110660,등촌3동주민센터,126.84736791343518,37.55865454725628
365,2110560,마포FM,126.91845350834302,37.56012158813278
366,2110153,중곡1동주민센터,127.07906818544788,37.56044763263824
367,2110674,강서구청가양동별관,126.85992657314218,37.56085052541926
368,2110229,장평중학교,127.07021004114993,37.564624845803486
369,2110652,양천향교역 2번,126.8396010557824,37.57053738964498
370,2110032,수족관거리,127.0149531677454,37.57029401894457
371,2110497,가좌역 3번,126.913393400899,37.57071369603343
372,2110225,촬영소사거리,127.0637400267243,37.569665082165116
373,2110171,중곡4동주민센터,127.08934436674934,37.559908715574224
374,2110198,동대문중앙새마을금고본점,127.04260249068744,37.58241466344536
375,2110015,청와대사랑채,126.97243260434749,37.58172536715824
376,2110186,종암초등학교,127.0304883049091,37.581751678694616
377,2110259,사가정역 1번,127.08609932927222,37.58238194136853
378,2110702,개봉초등학교,126.85973363439129,37.48862600500109
379,2110919,내방역 8번,126.99490028923962,37.49071840691521
380,2110845,사당종합체육관,126.97004620716359,37.49086789103548
381,2111027,문정초등학교,127.12652814169755,37.48866854701665
382,2110591,충정로역 6번,126.96245904946583,37.558134557615745
383,2111090,강일동주민센터,127.17381130755705,37.56507639690869
384,2111021,방이역 4번,127.12265244333875,37.51105361342636
385,2110655,발산역 5번,126.84181368403173,37.557322771788485
386,2110039,회현역 1번,126.9808390197086,37.55830115052572
387,2110541,동교초등학교,126.90146805537043,37.55790119282723
388,2110004,대신고등학교,126.96054967804893,37.57328868813124
389,2110162,군자역 4번,127.0836833927083,37.55814690982325
390,2110041,남산케이블카,126.98530987730453,37.55657187655446
391,2110520,경의중앙 신촌역,126.94054828182239,37.557657039392076
392,2110147,능동우편취급국,127.07363129448666,37.556171412664135
393,2110636,방화역 2번,126.81348868223847,37.574292207663625
394,2110185,용두초등학교,127.02930807694635,37.57458006427743
395,2110115,상왕십리역 3번,127.03211147062264,37.56520898286502
396,2110057,황학코아루아파트,127.0225021304075,37.5663104206099
397,2110437,당고개역 2번,127.07774212124046,37.66746792456667
398,2110524,연희세브란스병원,126.94451587141688,37.564281296203234
399,2110534,경기대학교,126.9604526093574,37.564188600535665
400,2110152,중곡어린이공원,127.07797508294914,37.565007400971005
401,2110548,마포구청역 4번,126.90579761532142,37.561968221421765
402,2110722,G타워,126.89678728253286,37.48053709295404
403,2110537,충정로현대아파트,126.96364501756041,37.563063381296594
404,2110119,마장지하차도,127.0377604392426,37.56695524344455
405,2110226,장안1동주민센터,127.06660322921046,37.568960725192056
406,2110218,답십리사거리,127.05869187070519,37.57009116757462
407,2110038,경향신문사,126.9696985975219,37.56753403083542
408,2110536,돈의문센트레빌아파트입구,126.96285093842816,37.56665810877187
409,2110158,중곡3동주민센터,127.08080843523054,37.56839323946224
410,2110240,태릉시장 특화거리,127.07677516461264,37.59795751792552
411,2110500,남가좌동현대아파트,126.91981935002316,37.57407894595545
412,2110025,충신시장옆,127.00421113768863,37.574790856025814
413,2110633,개화산역 1번,126.8101763907022,37.572511970640036
414,2110036,동묘앞역 3번,127.02020619835471,37.57305028187508
415,2110030,동대문역 3번,127.01259917437221,37.573141438310394
416,2110641,공항고등학교,126.81823740029631,37.57200208061332
417,2110517,서대문소방서,126.93639242789905,37.57363854165239
418,2110439,당고개역 5번,127.07872112608277,37.67149465572339
419,2110209,답십리 장령당공원,127.05210390109153,37.57010326892117
420,2110518,서대문구청,126.93657028602432,37.57748588354337
421,2110637,송정역 2번,126.8139153726079,37.562039356262844
422,2111061,암사역 1번,127.1311953191418,37.551724615965966
423,2110631,방화초등학교,126.80964108675141,37.569348619789174
424,2110716,구로나눔길,126.88861590770216,37.49382854510386
425,2110657,양천향교역 5번,126.84343708648674,37.565758256672005
426,2110526,봉원사,126.94668604395946,37.568507966765566
427,2111033,문정동성당,127.13332214999375,37.487742048145165
428,2110330,돌곶이역 1번,127.05430666021549,37.61058385579281
429,2110693,오류동역 4번,126.8465444416051,37.49657450676872
430,2110917,서초소방서,126.99263813026447,37.497304649069584
431,2110615,신서초등학교,126.86137000269137,37.52092895513643
432,2110994,개포고등학교,127.0615182258128,37.48313403328187
433,2110698,개웅초등학교(개웅중학교),126.85307379296687,37.488563850042254
434,2111088,고덕동성당,127.16995178048708,37.56017159026672
435,2110078,이촌동점보아파트,126.97867742839334,37.518206268407496
436,2110973,강남구청역 4번,127.04341475792346,37.518930026686775
437,2110988,청담역 3번,127.05438666812174,37.51816864142927
438,2110966,논현2동주민센터,127.03795107793988,37.51878774810336
439,2110799,영등포본동주민센터,126.91011190453655,37.51316440992536
440,2110970,학동초등학교,127.04152169108298,37.51172267759198
441,2110211,전곡마을마당공원,127.05455579177637,37.57951755465714
442,2110974,언주중학교,127.04475767819501,37.51359558431378
443,2110216,전농중학교,127.05861946993964,37.57881283142477
444,2110205,경희대삼거리,127.05126917380186,37.590871539637256
445,2110825,신대방삼거리역 1번,126.93246626800163,37.49624040772306
446,2110834,동작구자원봉사센터,126.94632154934556,37.50854624290731
447,2110689,오류동역 3번,126.84312713627831,37.497606174903495
448,2110861,관악구신사동주민센터,126.91774488045473,37.48397737432027
449,2110690,오류2동버들시장,126.84338898207224,37.49135354006258
450,2110625,신정2동주민센터,126.8716230014986,37.518462787511424
451,2110782,영등포시장역 4번,126.90390211009121,37.522052421663155
452,2110089,서빙고동주민센터,126.99640269300524,37.52202839120346
453,2110806,서울시립영등포장애인복지관,126.91310005623487,37.52114052471881
454,2110609,신정네거리역 2번,126.84894855478203,37.521301153322135
455,2110758,문래소공원,126.8867883341411,37.52092001437935
456,2110954,국기원,127.02866917807879,37.50250921505765
457,2110995,봉은사역 4번,127.06242850425231,37.51722762128031
458,2110616,양목초등학교,126.86198813467078,37.52311911408966
459,2110968,강남구청역 2번,127.04018860981805,37.51467843195788
460,2110071,한강미주맨션아파트,126.96884655418557,37.52060976288342
461,2110607,금빛새마을금고본점,126.84520706713332,37.51992678580902
462,2110613,신정네거리역 4번,126.85664494682071,37.519148340057846
463,2110206,텃골근린공원,127.05175918078346,37.579041287229366
464,2110670,신곡초등학교,126.85610409082288,37.535717094259105
465,2110646,푸른들청소년도서관,126.83568491462349,37.54456528879153
466,2110647,화곡역 5번,126.83767759572585,37.53882868240571
467,2110597,신월1동주민센터,126.83198497545168,37.534351762702904
468,2110596,서서울호수공원,126.83125036421117,37.52897174368983
469,2110256,면목2동체육관,127.08333375189815,37.5897089969386
470,2110982,강남구보훈회관,127.04976940660319,37.515026175047964
471,2110695,개봉1동주민센터,126.8512180063502,37.50067105030639
472,2110997,대청초등학교,127.08454831021591,37.49220195577839
473,2110835,상도역 1번,126.94807936127216,37.501726418929906
474,2110952,논현목련공원,127.02633124285852,37.5113305986889
475,2110208,시조사삼거리,127.05207127094621,37.58826732068583
476,2111064,둔촌동역 4번,127.13228462979416,37.527747805926154
477,2110219,삼육보건대학교,127.06077786127919,37.58794781134421
478,2110258,면동초등학교,127.08606964913855,37.5861030640064
479,2110833,상도역 2번,126.94491154910388,37.50340085460822
480,2110780,신길대성유니드아파트,126.90285344247147,37.501995215862316
481,2110989,대치동아우편취급국,127.05443206338535,37.50279748516958
482,2110175,푸른동산공원,127.09134765538184,37.54136464207884
483,2110083,서빙고역 1번,126.99164024871818,37.521775869357384
484,2110706,그라운드 고척,126.86574896463422,37.50132817151039
485,2110692,큰굴다리,126.84619903611828,37.49957440614448
486,2110831,상도4동주민센터,126.94179364671568,37.49887631018652
487,2111005,삼전역 3번,127.08850591929544,37.501686653675996
488,2110167,용마초등학교,127.08578829453214,37.557974209755656
489,2110156,군자역 5번,127.08037387291067,37.553734322143335
490,2111025,경찰병원역 3번,127.12571190999313,37.49415655019073
491,2111038,보인중학교,127.1390880003543,37.49952056474319
492,2110823,신대방삼거리역 3번,126.92642841171524,37.49539886573612
493,2110720,대림역 2번,126.89283553380044,37.492616088979744
494,2110686,수궁동주민센터,126.83414177667969,37.495359407356844
495,2110713,구로보건소,126.88769965047817,37.50158533955125
496,2110691,개봉중학교,126.84458705335828,37.50252759318012
497,2110772,신우어린이공원,126.8988710445923,37.50313615056124
498,2110808,신길역 1번,126.91423685942223,37.516257919381914
499,2110605,목동센트럴아이파크앞,126.84078140700419,37.51586639156926
500,2110768,도림2동유수지내체육시설,126.89697663958786,37.507306166499774
501,2110839,숭실대입구역 4번,126.95687084778564,37.49438675400607
502,2110703,개봉역,126.86018572634664,37.49479843670948
503,2111036,투구봉어린이공원,127.13603550646204,37.49378471121441
504,2111014,송파나루역 2번,127.11117438239381,37.51255163058194
505,2110915,서래초등학교,126.99223126680114,37.4949439854177
506,2110714,구로4동주민센터,126.88846176253317,37.49102626840959
507,2110603,지향초등학교,126.8396795864816,37.51273842070916
508,2110765,문래동사거리,126.89585106158185,37.51153989964809
509,2110951,신사은행나무공원,127.02540700249948,37.52087242965624
510,2110682,온수역 8번,126.82432703047094,37.49501184819438
511,2110617,등촌역 4번,126.86493398014404,37.5456565350304
512,2110912,방배동사이길,126.99001497604078,37.49406984213294
513,2110125,사근동살곶이상점가,127.04589534304925,37.561231035128586
514,2110856,미성초등학교,126.9125263141663,37.47963977443114
515,2110828,노량진역 6번,126.936049925292,37.510793639865945
516,2110961,언주역 3번,127.03433908142084,37.511076260927844
517,2110809,장훈고등학교,126.91577956398562,37.51238471363157
518,2110666,KC대학교,126.85268297542925,37.54934498866796
519,2111019,한성백제역 3번,127.11778162183028,37.513635441396275
520,2110658,화곡초등학교,126.84600335844375,37.545272964960496
521,2110672,백석중학교,126.85941052213676,37.546361876709824
522,2110654,까치산역 4번,126.84125407065459,37.53302209606923
523,2110673,뜸부기어린이공원,126.85980240877308,37.5304597005913
524,2110645,우장산역 4번,126.8332934807932,37.55136447025539
525,2110762,선유도역 1번,126.89316339366704,37.54027044530365
526,2110659,화곡역 4번,126.84653295166108,37.54084975081922
527,2110595,메디힐병원,126.83013313420047,37.53771885199646
528,2110664,강서구청옆,126.85205528559244,37.552020166738544
529,2110207,시립대앞사거리,127.05186463766256,37.58418591409273
530,2110665,곰달래도서관,126.85237091589538,37.529693804107794
531,2110708,화원어린이공원,126.88105549942601,37.49801986417469
532,2110668,화곡2동주민센터,126.8533487787048,37.532965654473955
533,2110606,신한은행 신월동지점,126.84121437729657,37.51972326512554
534,2110662,까치산역 1번,126.84920538814404,37.534203816813665
535,2110620,목동보건지소,126.86706247009072,37.53865818786446
536,2110701,고척동성당,126.85937465846455,37.50519507655238
537,2110542,마포구청역 7번,126.90182606035607,37.56107299937597
538,2110090,한국폴리텍대학서울정수캠퍼스,126.99658342333467,37.527866891540626
539,2110614,목동로데오거리,126.8603272998988,37.52806365999487
540,2110656,까치산역 3번,126.84280187611346,37.528681343966156
541,2110987,영동대교남단,127.05337434017142,37.526206046698576
542,2111029,오금역 4번,127.12741613907987,37.49887599626265
543,2110611,신정역 1번,126.85442464842534,37.52660591983676
544,2110763,영등포구청역 2번,126.894551934682,37.52647737381037
545,2110859,난향초등학교,126.91659233295617,37.462983034937196
546,2110685,금강수목원아파트,126.83168898028622,37.489832770055386
547,2110212,답십리초등학교,127.05617864734138,37.56971397223757
548,2110979,청담초등학교,127.04746958205791,37.5271275896096
549,2110816,대방역 6번,126.92306091085668,37.515137742512245
550,2110872,신림초등학교,126.927508192952,37.47801007943086
551,2110740,금천해태공원,126.90171171576299,37.458448516016276
552,2110857,미성동주민센터,126.91382031657054,37.47517171914202
553,2110748,백산초등학교,126.90480962484985,37.44876516335264
554,2110747,석수역 1번 출입구,126.9048257514426,37.43603383999155
555,2110741,독산2동주민센터,126.90189694020714,37.46374661887127
556,2111044,남천초등학교,127.1491071604288,37.499265072005684
557,2110465,연신내역 7번,126.9172427849313,37.621198994358714
558,2110446,내를건너서숲으로도서관,126.90707431417113,37.591125402581554
559,2110052,장충초등학교,127.01175937296166,37.55965361535293
560,2110049,장충단 고개,127.01029903835708,37.557356208975484
561,2110639,신방화역 8번,126.81451695408782,37.56591458189388
562,2110109,금호삼성래미안아파트,127.02623174824187,37.55020883104532
563,2110683,오류고등학교,126.82734981776807,37.498404085357855
564,2110592,서울금융고등학교,126.82570082917185,37.53641495413599
565,2110681,온수역 1번,126.82397415646491,37.49118204714665
566,2110688,오류지구대,126.83819050694146,37.495184820978764
567,2110610,계남근린공원,126.85062067132864,37.516672127519314
568,2110635,공항시장역 3번,126.8134791909053,37.564480365006744
569,2110634,송정역 3번,126.81319109003644,37.55747016406316
570,2110638,신방화역 2번,126.81403007087755,37.570535917538876
571,2110630,공항시장역 1번,126.80854354909057,37.564751772694585
572,2110608,신월2동주민센터,126.84588653142112,37.52506338480781
573,2110627,신정롯데캐슬아파트,126.87485529454668,37.52017816143768
574,2110895,샤로수길,126.95592058553234,37.47578959121592
575,2110794,영동초등학교,126.9085893058178,37.528119885739954
576,2110651,화원중학교,126.83906330449813,37.53636184052258
577,2110551,성서초등학교,126.90970523684636,37.55964670352226
578,2110547,KB국민은행 망원동지점,126.90565353354675,37.5595444257447
579,2110800,영등포동성당,126.91016998553673,37.52132754309986
580,2110807,신길역 3번,126.91413329145318,37.51779855970699
581,2110283,성북초등학교앞,126.99901490127587,37.59269366421449
582,2110792,영등포역 2번,126.90725167661644,37.51199990363798
583,2110785,영등포푸르지오아파트,126.9042126754029,37.50918634526605
584,2110458,선일여고,126.91332329393461,37.62141241738928
585,2110675,화곡4동주민센터,126.86036772442033,37.53672232236313
586,2110694,세곡초등학교,126.84781642989859,37.505036590757655
587,2110696,오류동역 1번,126.85214702331547,37.49408586473749
588,2110544,망리단길,126.9046406370342,37.555056646759276
589,2110715,구로구민회관,126.88853178351539,37.497171199384645
590,2110718,한국SGI본부,126.89076214117229,37.50316497052528
591,2110733,금천어울림복지센터,126.89821968689834,37.45807614514364
592,2110727,독산역 1번 출입구,126.89149694398148,37.464287144311875
593,2110731,금천구청역 1번 출입구,126.8968336470841,37.45502952144282
594,2110735,말미고개,126.89962563884589,37.463222124899026
595,2110819,신대방역 4번,126.91113547219368,37.48936962524349
596,2110495,북가좌2동주민센터,126.90921520924037,37.58106298059667
597,2110496,모래내우체국,126.91201473667053,37.578353109523725
598,2110549,새터산,126.90887085024323,37.56635848410514
599,2110552,성미산체육관,126.91024350522964,37.56380971730378
600,2110837,숭실대입구역 1번,126.9528897697904,37.49537634106192
601,2110836,상도역 5번,126.95122273194895,37.502637774440046
602,2110513,연희파출소,126.93345137157701,37.57120423415226
603,2110892,관악구 중앙길,126.95138160528198,37.484356407188564
604,2110896,관악우성아파트,126.95713555295893,37.486304812748166
605,2110897,서울대입구역 8번,126.95790687345324,37.4819351988913
606,2110485,연신내우체국,126.9289436227418,37.621467906644526
607,2110916,내방역 4번,126.99233403142831,37.48524914994606
608,2110464,연신내역 5번,126.91679410160863,37.61724334308813
609,2110455,역촌노인복지관,126.91293679359394,37.60315810220724
610,2110456,구산보건지소,126.91303310281592,37.607978468152794
611,2110137,성수초등학교,127.0625878489192,37.54548293429126
612,2110717,남구로역 2번,126.88917326892661,37.48396303844422
613,2110622,달마을공원,126.86918902962974,37.545490135668246
614,2110711,구로초등학교,126.88471069730231,37.49639266688105
615,2110802,신길동홍어거리,126.91225312038677,37.51021973670087
616,2110710,남구로역 3번,126.88412659428158,37.486526069315524
617,2110712,남구로역 5번,126.88669233710704,37.487141243037094
618,2110728,두산초등학교,126.89176357936498,37.46751300791313
619,2110671,등촌1동주민센터,126.85925636649105,37.55612850686058
620,2110676,등촌역 7번,126.86055798305283,37.54999425950786
621,2110463,응암3동주민센터,126.91610897757012,37.591907022630714
622,2110752,한울중학교,126.90774262393302,37.4623006987229
623,2110766,대림역 5번,126.89620044142687,37.49610598888484
624,2110744,독산동성당,126.9042504513899,37.47074039308103
625,2110444,수색성당,126.90313859804864,37.57884170668272
626,2110736,독산119안전센터,126.90078242397306,37.46887244052395
627,2110737,금천세무서,126.90080477528225,37.4776212650469
628,2110738,문성초등학교,126.90129648425027,37.47338693207758
629,2110024,혜회동주민센터,127.001449235827,37.58728770526952
630,2110776,도신초등학교,126.90114863266935,37.499804357882745
631,2110767,도림동주민센터,126.89670156071271,37.50994586923074
632,2110546,양화대교북단,126.90565379093266,37.550363262406535
633,2110550,합정역 8번,126.90946628125955,37.551348334980645
634,2110803,신길2동우편취급국,126.91234043265248,37.51293182381075
635,2110260,면목역 3번,127.08613083733977,37.590076395803855
636,2110787,신길3동주민센터,126.90601397793574,37.506827160220936
637,2110804,신풍역 1번,126.91271813856766,37.49939900976756
638,2110812,신길6동주민센터,126.91758273054293,37.49778069279658
639,2110781,대림한신아파트,126.90334904219431,37.49477856402925
640,2110210,서울시립대,127.05403918833001,37.585275140220794
641,2110789,대림성모병원,126.90631682172675,37.49074444375208
642,2110855,신대방역 2번,126.91162770609502,37.48426127988941
643,2110270,혜원여고,127.09729713558697,37.59179762392849
644,2110014,경복고등학교,126.97133300341115,37.58546422747617
645,2110778,구로디지털단지역 4번,126.90244130827674,37.488452748306635
646,2110864,신림우방아파트,126.9200477746755,37.48739377577169
647,2110468,응암역 3번,126.91857667368808,37.60292787051512
648,2110459,응암역 2번,126.91372012274847,37.60148283567462
649,2110448,상신초등학교입구,126.90739566187742,37.59678388143575
650,2110450,시립서북병원,126.908539593708,37.60583071634791
651,2110453,신사1동주민센터,126.91250432656317,37.59531015361594
652,2110891,구암초등학교,126.94807717871144,37.48854468888394
653,2110506,연희임광아파트,126.9248992519861,37.56563996151304
654,2110452,새절역 3번,126.91158220723842,37.58990351634888
655,2110128,성원중학교,127.04983000356061,37.53810982007538
656,2110512,연희지하차도,126.9332648373349,37.57727683253746
657,2110519,서대문구보건소별관,126.93737874080571,37.585406048285314
658,2110535,영천시장입구,126.96108403552448,37.56883794919093
659,2110538,충정로역 3번,126.96473266671278,37.56078418977756
660,2110012,성곡미술관,126.9689038401172,37.57334524397218
661,2110016,평창동동측,126.97474282224897,37.613242555907554
662,2110005,세검정,126.96212046822592,37.60094967997112
663,2110451,증산역 4번,126.9093555135477,37.58673033439224
664,2110130,답십리역 6번,127.05156826096294,37.564850699118075
665,2110261,사가정역 4번,127.08834667692904,37.57763204446076
666,2110309,대광초등학교,127.02469157725048,37.58110431811195
667,2110018,중앙고등학교,126.98739925426851,37.58246672831023
668,2110266,면목동우체국,127.09159095787108,37.58299048346512
669,2110021,성균관대학교,126.99549392411235,37.58493603655037
670,2110242,면목5동주민센터,127.07758802030838,37.58468537505453
671,2110302,보문역 8번,127.01899761373356,37.58350201457157
672,2110471,응암동우체국,126.91923458857303,37.591440686975126
673,2110449,증산역 3번,126.9074125502156,37.58315188482769
674,2110498,증산역 1번,126.9136133671454,37.58607580266794
675,2110815,공군호텔,126.921933682034,37.511397836777256
676,2110820,성남고등학교,126.92348987453109,37.504902611353515
677,2110817,대방역 4번,126.9230954917528,37.51450706247946
678,2110824,대방역 3번,126.92692152146144,37.51157221874975
679,2110558,경성고등학교,126.91535905845635,37.56420993380084
680,2110509,연희대우아파트앞,126.92854927142396,37.56004703970429
681,2110469,응암정보도서관,126.9188319980227,37.5868093106032
682,2110503,명지대학교교회,126.92395360748297,37.58284835235807
683,2110484,역촌역 3번,126.92711243941024,37.60592473737757
684,2110490,녹번동근린공원,126.93172222955599,37.6053508608678
685,2110473,구산역 1번,126.9214539749342,37.612867733593696
686,2110472,연신내역 4번,126.92111103432185,37.61585878635925
687,2110584,아현역 4번,126.95315652230249,37.55708607656003
688,2110571,신수동주민센터,126.93648423835154,37.545500458803005
689,2110480,연신내역 3번,126.92547004575958,37.617546467589456
690,2110572,서강대역 1번,126.93671775005183,37.550374986879525
691,2110829,장승배기역 5번,126.93809958881852,37.507830426742586
692,2110847,예술인마을,126.97218835070471,37.47735328682035
693,2110885,영락고등학교,126.9393694985085,37.47592641917571
694,2110832,노량진초등학교,126.9422374675364,37.50994988355235
695,2110830,상도초등학교,126.9392028534779,37.50020849422894
696,2110827,NH농협은행 상도동지점,126.93447455546507,37.50151242464343
697,2110877,신림역 8번,126.93283661602442,37.4867710325248
698,2110589,애오개역 3번,126.96062819709697,37.553151444781825
699,2110590,만리재,126.96227080881648,37.549881357629495
700,2110873,당곡중학교,126.9297573266573,37.49082377638382
701,2110879,신림현대아파트,126.93336847392057,37.473553531656364
702,2110013,체부동홍종문가옥,126.9698866411619,37.57841809771881
703,2110821,보라매역 2번,126.92350932801534,37.49691971277107
704,2110886,관악해태어린이공원,126.93994898983189,37.47227762478691
705,2110813,보라매역 6번,126.91910478653172,37.50205251284107
706,2110810,영신초등학교,126.91690025403375,37.51155658365673
707,2110528,서울여자간호대학교,126.94785587337516,37.59532205578469
708,2110001,이북5도청사,126.95688383119668,37.609345109665576
709,2110587,공덕동주민센터,126.95908010987505,37.54887117667198
710,2110068,남영역 1번,126.96746907250193,37.540692712737126
711,2110586,서울서부지방법원,126.9564999218881,37.548978374160015
712,2110588,한겨레신문사,126.95996321801758,37.54806058061563
713,2110840,중앙대학교,126.95864996792099,37.5081006995223
714,2110060,효창공원앞역 6번,126.95870131890216,37.538059051786156
715,2110533,충정로역 7번,126.96025130529826,37.55961147019579
716,2110069,숙대입구,126.96786305143414,37.54546811796481
717,2110846,남성역 1번,126.97040000230788,37.48260573572533
718,2110848,양지어린이공원,126.97595177563092,37.48148073508635
719,2110338,인수초등학교,127.00818060557982,37.64216664457029
720,2110902,사당역 4번,126.97668905286909,37.47383131200139
721,2110850,사당역 10번,126.97801010314438,37.47941782526463
722,2110064,효창공원앞역 2번,126.963960713951,37.542097253749475
723,2110237,메가박스 상봉,127.07497941073622,37.59138143484043
724,2110273,장스여성병원,127.09858838205635,37.60071636392454
725,2110334,석관중앙교회,127.06240209703978,37.607678667287175
726,2110445,덕산중학교,126.90659783055928,37.600927809955756
727,2110265,망우역 1번,127.09153151184589,37.59916333411774
728,2110486,은평구청,126.92969784804377,37.6024034348374
729,2110333,돌곶이역 5번,127.05926728652341,37.61055443910518
730,2110027,혜화역 1번,127.00563801657104,37.58176449123271
731,2110313,안암역 3번,127.02969655726415,37.58362594689869
732,2110017,정독도서관,126.98367423610314,37.583700632870716
733,2110443,수색역 1번,126.89536496193132,37.5842140020164
734,2110203,떡전교사거리,127.04860441534852,37.58483601657751
735,2110252,장안제일시장,127.0819138369168,37.58551136588181
736,2110521,홍제역 4번,126.9425843968128,37.58853513982785
737,2110142,화양사거리,127.06814466373217,37.54629976729425
738,2110215,회기역 1번,127.05857276224869,37.59144477621879
739,2110006,부암동주민센터,126.9625210867746,37.59243544023162
740,2110457,예일여고,126.91324380387715,37.61183485634691
741,2110274,서일대학교,127.09883437040017,37.589778124907376
742,2110197,세종대왕기념관교차로,127.0412823831818,37.59056010773038
743,2110222,회기역 2번,127.06165195592015,37.59071340447455
744,2110213,청량초등학교,127.05655849400016,37.59301348450071
745,2110286,한성대입구역 5번,127.00344204586496,37.58969331419303
746,2110841,중대부중,126.96340203001024,37.50444418664371
747,2110063,효창공원앞역 5번,126.9633407007784,37.53733978287975
748,2110061,효창동주민센터,126.95932135159111,37.54224891664992
749,2110269,용마문화복지센터,127.09507295711818,37.58794319040155
750,2110067,배문고등학교,126.96709205834902,37.54891873128825
751,2110066,서울역 15번,126.96658088374555,37.553261399392824
752,2110532,아현역 2번,126.9576482860686,37.55941234583988
753,2110922,내방역 1번,126.99687930573742,37.48607828508349
754,2110904,이수역 5번,126.98488305445072,37.48443752396039
755,2110907,방배초등학교,126.98672546846412,37.48762731455018
756,2110084,경리단길북측,126.99200009972391,37.54182317232419
757,2110085,경리단길남측,126.9921701821859,37.53844443377745
758,2110253,중곡초등학교,127.08265893479447,37.57332941117528
759,2110031,창신역 1번,127.01445685827915,37.579358087174626
760,2110081,해방촌 남동측,126.9858896571315,37.54284973986958
761,2110080,해방촌예술마을,126.98319548640538,37.54774181279623
762,2110079,후암동주민센터,126.97942644149055,37.550507281952065
763,2110074,서울역 12번,126.97407355809915,37.550902667220846
764,2110077,삼광초등학교,126.97631507828615,37.548299252396916
765,2110849,이수역 10번,126.97701324166349,37.485769747349224
766,2110292,정릉역 2번,127.01010169549915,37.604550278077795
767,2110289,북한산보국문역 2번,127.00663672713705,37.60918161123819
768,2110123,마장역 3번,127.0449474121445,37.56588955084552
769,2110355,삼양사거리역 2번,127.0179538807825,37.62168615191216
770,2110284,정릉북한산국립공원입구,127.00016990351462,37.618597129666064
771,2110339,국립4.19민주묘지,127.00829440625583,37.64662650756992
772,2110022,경신고등학교,127.00002264482843,37.58899960018476
773,2110285,홍대부중,127.00151730264085,37.59388296782162
774,2110135,성동세무서,127.05935501692092,37.5498904872166
775,2110042,남산골공원옆,126.99523538673245,37.55568070670763
776,2111047,마천1치안센터,127.15640630016082,37.49621023467022
777,2110196,홍릉근린공원,127.04105434657306,37.58767701147817
778,2110527,홍제역 2번,126.9467056188886,37.58869024125241
779,2110277,러스크서울병원,127.10354497288702,37.59826142523326
780,2110314,종암경찰서,127.03237611169337,37.601302704318876
781,2110522,홍제역 3번,126.94387679403361,37.586337339363034
782,2110263,면목역 1번,127.08997108448115,37.59165026697737
783,2110516,정원여중,126.93431090397233,37.58496289436469
784,2110199,홍릉시장,127.04289826919245,37.58489228780367
785,2110228,장안근린공원,127.06952990076296,37.57570748953808
786,2110632,방화역 3번,126.81003542603358,37.57452996955114
787,2110493,북가좌초등학교,126.90577967358499,37.57621294188543
788,2110201,전농119안전센터,127.04622137717602,37.57599822508447
789,2110487,불광역 8번,126.92972292961586,37.611854830281565
790,2110510,홍연시장,126.93041306967653,37.57616696304737
791,2110035,동묘앞역 2번,127.01907489482753,37.575780484122745
792,2110282,국민대학교앞,126.99746313965372,37.60783929619238
793,2110428,상계5동주민센터,127.07142577393182,37.66420135907255
794,2110399,창2동주민센터,127.03777606313693,37.64265642174289
795,2110411,도봉역 3번,127.04607962864098,37.676530380084095
796,2110441,영신여고,127.0840474484302,37.6504170291549
797,2110255,상봉역 4번,127.08329282971644,37.59362834040109
798,2110276,신내IC북측,127.10128480707513,37.618355445456466
799,2110387,쌍문초등학교,127.02405733963708,37.65064273205995
800,2110384,문이교,127.01660286529082,37.658851966710074
801,2110247,먹골역 1번,127.07947188248075,37.610164147198944
802,2110422,노원역 9번,127.06339705443405,37.65906134452222
803,2110326,장위동성당,127.0477840420185,37.61210934851248
804,2110324,월곡역 4번,127.04584222323226,37.60382101508169
805,2110157,자양동우체국,127.08057449592671,37.529839678579116
806,2110352,수유1동주민센터,127.01562217365786,37.62995754308225
807,2110363,송천동주민센터,127.02266494752637,37.61800030109107
808,2110370,도봉세무서,127.02669754614831,37.61871123817164
809,2110002,독립문역 1번,126.95720897970612,37.57554001118476
810,2110227,답십리공원,127.06699412456513,37.575699945891024
811,2110642,정곡초등학교,126.81857386567427,37.577958165123924
812,2110502,남가좌파출소,126.92279505040574,37.57553153063459
813,2110028,이화달팽이길,127.00626021457656,37.576097207295234
814,2110507,명지대학교,126.92530469742294,37.57901098251883
815,2110033,창신역 4번,127.01656208865718,37.57724948429637
816,2110254,오거리공원,127.08309320044397,37.57702318327473
817,2110311,종암아이파크2차후문,127.02881915577153,37.59836639637865
818,2110232,동대부고,127.07386696380527,37.57707436666349
819,2110019,창덕궁,126.99155498136415,37.57570063363129
820,2110257,상봉역 7번,127.08596032986745,37.59933871144714
821,2110377,미아사거리역 3번,127.03315064059862,37.611393575264856
822,2110214,경희대후문,127.05657298867789,37.59720308785834
823,2110306,미아초등학교,127.02261667132616,37.608197552154756
824,2110318,KT월곡지사,127.03549166168249,37.60419398760339
825,2110531,홍지문,126.95720756199601,37.59779453291607
826,2110470,신진과학기술고등학교,126.91922821994667,37.597333166738245
827,2110037,신설동역 12번,127.02192833343943,37.57814960367539
828,2110192,동의보감타워,127.03710896188245,37.577091644444245
829,2110640,방화역 1번,126.81464523115548,37.578096220759434
830,2110319,종암동주민센터,127.03648587360752,37.599355365395525
831,2110354,삼각산119안전센터,127.01689996636466,37.61961403594734
832,2110020,서울국제고등학교,126.99536912589731,37.58910762844656
833,2110321,동덕여대,127.04131409946683,37.60696714195605
834,2110447,구산초등학교,126.90723893766437,37.61356919705796
835,2110996,대치2동주민센터,127.06380667872182,37.50178366723011
836,2110299,정릉역 1번,127.01775656566367,37.601711255056244
837,2110489,불광역 3번,126.93101858910337,37.6069722331804
838,2110251,장안중학교,127.08191831509352,37.59992723004387
839,2110478,응암1동주민센터,126.92495553392713,37.599787642365115
840,2110308,길음역 8번,127.02464377924211,37.60781873064382
841,2110278,망우본동주민센터,127.10436560996457,37.602071891894376
842,2110335,석계역 7번,127.0640261089097,37.61293056388994
843,2110336,석관고등학교,127.06431786998802,37.60977694393169
844,2110440,상계3동4동주민센터,127.08376564351225,37.67191464143775
845,2110112,행당역 2번,127.03123739415807,37.559154520348315
846,2110466,구산역 2번,126.91794795692748,37.60827030420184
847,2110250,화랑대역 7번,127.08167719028727,37.61760480624794
848,2110432,대진고등학교,127.0740951369892,37.63593587671205
849,2110442,화랑대철도공원,127.08999922616769,37.62441021691837
850,2110414,장석교회,127.05241322934388,37.6238112172003
851,2110010,평창동서측,126.96731457706063,37.60942954858279
852,2110272,신내1동주민센터,127.0981195591039,37.60588843710922
853,2110316,숭곡초등학교,127.03370408039702,37.608014708616516
854,2110382,솔밭공원역 1번,127.01390509389292,37.65609531057843
855,2110003,세검정초등학교,126.95880051845464,37.60448945982378
856,2110477,은평세무서,126.92478236249659,37.60307614712031
857,2110221,의릉,127.06100603157522,37.60393127961148
858,2110310,길음역 10번,127.02643187672221,37.60416032477275
859,2110417,월계역 3번,127.05767602893877,37.63254833024128
860,2110462,갈현건영아파트,126.91578784138869,37.62567587034572
861,2110953,학동근린공원,127.02732825727652,37.51592549270543
862,2110429,공릉동 국수거리,127.0728235809633,37.621610987237105
863,2110983,국립국악고등학교,127.05015165991955,37.47772434054866
864,2110491,불광중학교,126.93390397960921,37.62261504321415
865,2110420,광운대역 1번,127.05977456619775,37.621735447195995
866,2110190,고대앞사거리,127.0340332052741,37.58466992836889
867,2110301,성신여대입구역 7번,127.01861563960539,37.595386165595755
868,2110329,우리은행체육관,127.05300838299358,37.616467902025434
869,2110454,선정중학교,126.91284112084932,37.61721345999623
870,2110105,금동어린이공원,127.0228138282708,37.54914636264675
871,2110984,포이초등학교(개포목련어린이공원),127.05216125750721,37.4736959569425
872,2110899,낙성대역 5번(관악중학교),126.9628828876412,37.47936899111985
873,2110901,인헌고등학교(인헌중학교),126.96814323659564,37.472000266280084
874,2110943,법제교육센터(버들어린이공원),127.04638423868934,37.4734280629022
875,2110937,방아다리근린공원(횃불트리니티신학대학원대학교),127.03625727571935,37.478143885414774
876,2110876,서원동주민센터(신관중학교),126.93237965697098,37.4794185421359
877,2110920,방배역 2번(백석예술대학교),126.99650644020171,37.48047400064175
878,2110913,방현초등학교(방배119안전센터),126.99009634024203,37.47734713479539
879,2110732,가산초등학교(세일중학교),126.89714415351257,37.475879187229964
880,2110893,관악소방서(문영여고),126.95255238371128,37.47455390321687
881,2110900,낙성대역 1번(관악구민 종합체육센터),126.96326984423449,37.47414325618385
882,2110328,상월곡역 3번,127.0504190079209,37.60622479181267
883,2110371,삼양입구사거리,127.02754627713911,37.61657570130222
884,2110481,불광역 7번,126.92631346073026,37.61224017583979
885,2110368,송천초등학교,127.02491785509056,37.614621140714064
886,2110424,상계초등학교,127.06739742956974,37.658851900951646
887,2110374,송중초등학교,127.03062852589932,37.620025725576504
888,2110479,연신내역 2번,126.92504611763388,37.622366482609586
889,2110364,미아역 8번,127.02291705235474,37.627496658832236
890,2110467,은평요양병원,126.91855249361038,37.62510117954629
891,2110482,연신초등학교,126.9269343119084,37.62593557517729
892,2110194,홍파초등학교,127.04010175826386,37.58483921139826
893,2110433,공릉역 2번,127.07563584880204,37.62465455450327
894,2110369,성신여대운정그린캠퍼스,127.02588687892792,37.632757804023036
895,2110474,세명컴퓨터고등학교,126.92217735790327,37.62515768512998
896,2110359,수유시장옆,127.02015604470172,37.63892166183342
897,2110409,창동역 2번,127.0434032615305,37.65510607466462
898,2110346,4.19민주묘지역 2번,127.01254412915891,37.64983363328707
899,2110385,효문고등학교,127.01840376916614,37.65461708347462
900,2110345,솔밭공원역 2번,127.01253409379362,37.65754604543798
901,2110341,북한산우이역 2번,127.00924813395386,37.66203323754489
902,2110349,화계역 2번,127.01459189596233,37.63316518511501
903,2110344,화계중학교,127.0122693466294,37.63266990730855
904,2110357,가오리역 1번,127.01853692687985,37.643228633376715
905,2110426,상계2동주민센터,127.06950297492372,37.65628288089457
906,2110404,신창초등학교,127.04035657255496,37.637375797237794
907,2110348,강북문화예술회관,127.01453703906557,37.64234622945529
908,2110492,하나고등학교,126.93849892808126,37.64124090417556
909,2110525,홍은종합사회복지관,126.9451386224727,37.59483428865863
910,2110366,광산사거리,127.0241910326537,37.64358800317241
911,2110408,가인초등학교,127.04185285123867,37.65890877912713
912,2110430,중계초등학교,127.07404897281653,37.65791089208501
913,2110419,수락산디자인거리,127.05870821998013,37.67731763151511
914,2110410,방학역 2번,127.04478298376092,37.66925096439708
915,2110406,도봉산역 1번,127.0413714430889,37.689974717654756
916,2110415,수락산역 4번,127.05295977604463,37.67565354165992
917,2110403,방학1동주민센터,127.03968018682278,37.66506323214599
918,2110413,누원고등학교,127.04796589650672,37.68358428962344
919,2110392,발바닥공원,127.03231043246718,37.65887573955394
920,2110425,계상초등학교,127.06865721029709,37.660824323936005
921,2110431,상계역,127.07411997958746,37.66093814545674
922,2110233,중랑역 1번,127.07388574335795,37.596076290717946
923,2110220,외대앞역 1번,127.06082895052205,37.59507463171519
924,2110378,송중동주민센터,127.03466974586608,37.61451056001675
925,2110568,광흥창역 1번,126.93112852949984,37.54911046144268
926,2110574,서강대학교,126.9396835897067,37.54925930114529
927,2110138,송정체육공원,127.06694952505076,37.551165842922195
928,2110865,남강고등학교(남강중학교),126.920435812013,37.47333829888756
929,2110942,염곡동 구룡사(포이동성당),127.04622355019742,37.46949972047589
930,2111001,아래방죽마을공원(율현초등학교),127.1093164846843,37.471755772381805
931,2110940,양재근린공원(양재2동주민센터),127.0406065199346,37.47179035101836
932,2110862,난곡초등학교(난곡동벽화마을),126.9182216846142,37.47183210043502
933,2110898,청림동주민센터(상도중학교),126.95863681146376,37.49094553806067
934,2111042,거여역 1번(거여공원),127.14370821107984,37.49684805787113
935,2110407,도봉역 2번,127.04136345761587,37.67559511008947
936,2110163,성자초등학교,127.0844898351046,37.5306208135021
937,2110416,노원초등학교,127.0573897260877,37.67272328639938
938,2110418,광운대학교 남단,127.05790243346274,37.617717975593635
939,2110124,뚝섬역교차로,127.04560545248945,37.549851548317214
940,2110230,장안현대홈타운1차아파트,127.07116539037722,37.569435590807515
941,2110241,먹골역 5번,127.07732933631937,37.6082284437707
942,2110239,중랑역 2번,127.07644504260703,37.596263869006336
943,2110322,장위1동주민센터,127.04179459522547,37.61561646753558
944,2110327,상월곡역 2번,127.05010366603149,37.608846805804966
945,2111031,장지동주민센터(한림연예예술고교),127.13035671928408,37.48603344299028
946,2111050,강동구청(강동구청역 2번),127.12439290340609,37.53066661522971
947,2110062,한강로동땡땡거리(은행나무길),126.96183056482104,37.52552717782672
948,2110562,연트럴파크(연남동주민센터),126.92363362662141,37.56359388864546
949,2110007,사직공원(한국사회과학도서관),126.96499829075265,37.57363246896462
950,2111024,경찰병원역 4번(건너말공원),127.12352678446061,37.49253704330738
951,2110008,배화여자대학교(박노수미술관),126.96635401736187,37.579597445847675
952,2110202,전농1동주민센터(전농시장),127.04715052827228,37.577385388874944
953,2110421,석계역 1번,127.06221656313542,37.616075981542316
954,2110680,온수역 5번(온수산업단지),126.81892432130536,37.49393149384208
955,2110875,보라매동주민센터(당곡고등학교),126.93207700213674,37.48903212786649
956,2110884,봉천역 4번(봉천110안전센터),126.93912466071592,37.48508054445961
957,2110707,구로창업지원센터,126.87910263308738,37.509857087475986
958,2110108,성동구립금호도서관,127.02547484014454,37.55402922884792
959,2110281,길상사,126.99321710444826,37.59747773871284
960,2110515,홍은중학교,126.93397574369975,37.59269322202118
961,2110280,북정마을,126.9912472325782,37.59362136542032
962,2110529,홍제3동주민센터,126.94822014395079,37.592547161836706
963,2110317,종암중학교,127.03403726286503,37.59358074254124
964,2110009,자하문터널,126.96678858313064,37.595247812346194
965,2110883,은천초등학교(은천교앞),126.93691781510287,37.48750309852227
966,2111057,천호공원(해공체육문화센터),127.12994670000032,37.54303136333435
967,2110769,대림차이나타운(대림역 12번),126.89708937938848,37.491088159139466
968,2110851,경문고등학교(동작동성당),126.97954440593955,37.491500622611476
969,2110860,호림박물관(성보고등학교),126.91765735501752,37.48131032808781
970,2110867,국제신학대학원대학교(남서울중학교),126.92314008250837,37.482043838929776
971,2110905,방배노인종합복지관(이수중학교),126.9859011306906,37.48187878514393
972,2111028,문현중학교(장지역 1번),127.12733015066212,37.48153170343423
973,2110894,관악동부센트레빌아파트(은천로35라길),126.95359555889067,37.487817168876774
974,2110113,응봉산,127.03136907327223,37.54928855955039
975,2110583,공덕래미안3차아파트,126.95244866141404,37.548985822176874
976,2110679,염창역 2번,126.87719587385159,37.54839093897882
977,2111075,굽은다리역 2번,127.14113717803193,37.54876688838004
978,2110178,장로회신학대학교,127.10312554274213,37.54868006459117
979,2111086,한영중고,127.15436376199048,37.54770518066285
980,2110172,광진초등학교,127.08965726027438,37.54711431168425
981,2110578,대흥역 2번,126.94464077693411,37.548441820609916
982,2110405,방학역 1번,127.04065711855544,37.66911731170356
983,2110939,양재역 8번(양재동우체국),127.03947012716036,37.48202620513048
984,2110924,반포4동주민센터(몽마르뜨공원),127.00065588779916,37.49634079955934
985,2111022,석촌중학교(방이육교),127.12265999748676,37.50184533856801
986,2110822,신대방삼거리역 4번(대림초등학교),126.92633164379916,37.5018139691797
987,2110801,신풍역 6번(신길6동공영주차장),126.91108643655639,37.50211883022245
988,2111035,오금공원(오주중학교),127.13486474275263,37.50300334202836
989,2111046,마천역(마천초등학교),127.15126016485807,37.495802473058944
990,2110117,성동구보건소,127.03517985551576,37.56730742898463
991,2110046,버티고개,127.00611104199936,37.55153605424107
992,2111074,명일역 1번,127.14022547024112,37.551389878097254
993,2110930,서초동성당,127.02102133156767,37.49276193354125
994,2110934,우면주공아파트,127.02606837931238,37.47097453312318
995,2110929,남부터미널역 1번,127.02040957640618,37.48860839607287
996,2110928,서초우방유쉘아파트,127.01175958822812,37.4889519566812
997,2110927,잠원역,127.01139006417631,37.512765581195914
998,2110048,장충동주민센터,127.00848863547118,37.56103242105715
999,2111052,암사역 3번(천호동자전거거리),127.12489761593486,37.54837973319297
1000,2111089,상일여고(상일초등학교),127.17069441996418,37.54834043109172
1001,2110743,시흥초등학교(시흥1동우체국),126.90408923808167,37.45535098687877
1002,2110396,쌍문역1번(쌍리단길),127.03645317137514,37.64835105562155
1003,2110291,한성대입구역 3번,127.00979347387205,37.5858367093515
1004,2110029,동대문역 1번,127.01115065069686,37.57607882676784
1005,2110293,삼선중학교,127.01064340542248,37.5913597202224
1006,2110296,성신여대입구역 4번,127.01378054577745,37.59533276966125
1007,2110295,정릉우체국,127.0125255997619,37.60695568886143
1008,2110188,용두동신동아아파트,127.03287278074994,37.57192119056284
1009,2110191,고려대역 6번,127.03593695824884,37.58820125613676
1010,2110187,제기동역 6번,127.03248969934282,37.57604785266595
1011,2110390,방학초등학교,127.0316322329628,37.66307449696238
1012,2110391,샘말어린이공원,127.03179334823778,37.668804690882574
1013,2110400,도봉구보건소,127.03896288881893,37.658828680729876
1014,2110380,강북문화정보도서관,127.03632959900045,37.62728606461838
1015,2110290,북한산보국문역 1번,127.00886836736925,37.61357829136589
1016,2110746,금천금빛공원(은행나무사거리서측),126.9043875689059,37.451837278342445
1017,2111018,풍납초등학교(풍납백제문화공원),127.11660704437838,37.536576112621255
1018,2111054,암사역 4번(삼성광나루아파트),127.12827898110605,37.55370100478557
1019,2111000,대왕초등학교(세곡동사거리서남측),127.10677272709853,37.46366702265568
1020,2110978,도곡2동주민센터(대치중학교),127.0469444034551,37.48337498489353
1021,2111073,둔촌동역 1번(한산중학교),127.14007420396062,37.53102747745723
1022,2111079,둔촌고등학교(둔촌중학교),127.1446780947557,37.530634496866746
1023,2111053,성내천어린이공원(하니사랑길),127.1250192147802,37.526323128050926
1024,2111062,둔촌동역 3번(성내3동주민센터),127.13176948540115,37.52430655598388
1025,2111049,천호지구대(천호동자전거거리),127.12345262281168,37.54363299043774
1026,2111048,천호역 1번(천호문구완구거리),127.1211057476369,37.540815293344394
1027,2111059,강동역 4번(강풀만화거리),127.13016811264048,37.533705773066245
1028,2111077,길동주민센터(강동도서관),127.14329935367664,37.53733961929983
1029,2110294,서경대학교,127.01227708507231,37.610838979552064
1030,2110351,수유북부시장옆,127.0153062232068,37.63605725813527
1031,2110350,가오리역 2번,127.01471767482751,37.6390395936098
1032,2110375,서울북부고용노동지청,127.03139334226692,37.63405388679202
1033,2110367,강북구청,127.02424677830548,37.640794940247744
1034,2110365,미아역 5번,127.02340293831452,37.62357727044852
1035,2110360,수유초등학교,127.02041478800015,37.632173236910404
1036,2110307,길음역 7번,127.02335165964242,37.60449434077998
1037,2110361,삼양사거리역 1번,127.02189559904488,37.62098271605946
1038,2110300,삼선동주민센터,127.01859145074319,37.58918734447434
1039,2110303,성신여대입구역 1번,127.02119701780684,37.59414236180522
1040,2110304,보문역 4번,127.02159126541176,37.58699742176457
1041,2110297,경동고등학교,127.01383586655977,37.588332054795906
1042,2110181,신설동역 9번,127.02700915601793,37.57204881700446
1043,2110182,용두희망어린이공원,127.02702351353508,37.580455091809334
1044,2110056,신당역 3번,127.02125597268888,37.5625444872007
1045,2110402,도봉구 정병원,127.03953104884326,37.66167559339236
1046,2110325,장곡초등학교,127.0460315522483,37.61702043255574
1047,2110315,종암아이파크2차,127.03295178614819,37.59707689761114
1048,2110372,강북중학교,127.02830393415256,37.64321768463743
1049,2110376,수송초등학교,127.03213219913498,37.63975692384023
1050,2110323,상월곡역 1번,127.04451853778951,37.60600191762791
1051,2110971,선정릉역 4번,127.04261627038929,37.507217264689004
1052,2110394,방학중학교,127.03541921452351,37.666316951792886
1053,2110356,덕수교,127.01844752286857,37.64824712723658
1054,2110397,도봉산입구,127.0364927601066,37.68293068387283
1055,2110362,우이천 계성교,127.02242428949918,37.646399422048425
1056,2110358,인수동 우편취급국,127.01982675687117,37.63621876243981
1057,2110353,수유동우체국,127.0161921142559,37.64613014690925
1058,2110980,개포지구대옆,127.04820908778728,37.4808246207884
1059,2110955,논현초등학교,127.02932769615451,37.50909540147428
1060,2110958,역삼역 4번,127.03235633361939,37.5032290671925
1061,2110957,언북중학교,127.03166130118623,37.51779849799859
1062,2110116,청계천박물관,127.03510207610178,37.57040687682763
1063,2110869,"신림역 5번(신림동주민센터, 신림동별빛거리)",126.9250233545533,37.48691950390117
1064,2110235,세화어린이공원,127.0746921778962,37.59854449859126
1065,2111034,오동나무공원(송파레미니스1단지),127.13423796683284,37.50666213518398
1066,2111013,송파나루역 1번(송리단길),127.10819470360725,37.50913959215238
1067,2110909,남태령역(서울전자고등학교),126.98888825933588,37.46645381141387
1068,2110759,문래예술촌(문래창작촌),126.89174029918821,37.514987047659865
1069,2111060,암사역 2번(서울강동초등학교),127.13021381879152,37.54697744311776
1070,2111087,고덕중학교(고덕2동주민센터),127.16300541194764,37.561505848817006
1071,2111066,암사동성당(효정하나플러스아파트),127.13477818359739,37.54919778693548
1072,2110945,본마을노인복지센터(서초구립내곡도서관),127.05278113575507,37.45491860238802
1073,2110931,삼성전자서울R&D(서울우면초등학교),127.02105905964538,37.46602898207339
1074,2111085,묘곡초등학교(고덕아이파크아파트),127.1535194579308,37.560887867221346
1075,2110726,금천철쭉어린이공원(금하마을),126.89068760202655,37.45342019387616
1076,2111072,굽은다리역 1번(십자성마을),127.13929349388722,37.543155857632414
1077,2110754,삼성산자연공원(서울금천초등학교),126.91015020354827,37.4528689547967
1078,2110750,시흥4동주민센터(서울신흥초등학교),126.90687816074275,37.45755168776072
1079,2110936,더케이호텔(양재리본타워2단지아파트),127.03525651533708,37.46566519455291
1080,2110742,KT금천빌딩(금천구시설관리공단),126.9028339724308,37.44716876131299
1081,2110947,청계산입구역 2번(내곡동주민센터),127.05876503097447,37.44692378865749
1082,2110749,금산초등학교(금천고등학교),126.90547397226344,37.441710755572146
1083,2110730,서울축산농협 독산역지점(독산파출소),126.89467254955534,37.46478557355497
1084,2110998,은곡마을(은곡마을공원),127.09815214888074,37.46671090460982
1085,2110881,구립대학경로당(관악산샘말공원),126.93608700597633,37.46728400027954
1086,2110874,원신초등학교(구세군관악영문교회),126.93077341669505,37.46803785604385
1087,2110887,서울산업정보학교(서울삼성초등학교),126.94111558012996,37.46947606938434
1088,2110944,서울나래학교(염곡어린이공원),127.05132855071204,37.462812110115344
1089,2110870,신림주공2단지(광신고등학교),126.9265048631919,37.46353022247482
1090,2120234,가락시장역,127.11826137870351,37.49510129007885
1091,2120175,남부터미널역,127.01810203551521,37.48503176989245
1092,2120137,문래역(문래로데오거리),126.89638505586626,37.51799155421576
1093,2120035,퇴계로5가,127.00218448200377,37.56353747654782
1094,2120073,미아사거리,127.02867558049545,37.60783583965699
1095,2120010,원남동사거리,126.99767933609876,37.5751152664037
1096,2120013,이화사거리,127.00159616914434,37.575358546969454
1097,2120196,서울세관,127.03534767368451,37.51520256206142
1098,2120203,강남구청역,127.04058541332707,37.51636317318784
1099,2120143,당산역,126.90154411682805,37.534493309671625
1100,2120127,구로구청,126.89063528549393,37.497092074886524
1101,2120150,63빌딩,126.93943584153526,37.51977843091341
1102,2120008,인사동,126.98530649584333,37.573789912531375
1103,2120021,시청역_8번,126.97420558164323,37.561858825478446
1104,2120006,종각역,126.98349603964427,37.57033886210182
1105,2120118,마곡역(마곡),126.8267778183654,37.55995059838047
1106,2120100,망원역,126.91094370891702,37.555602167509335
1107,2120111,목동사거리,126.86308843597175,37.53386032779487
1108,2120075,월곡역,127.04272754578825,37.603128421326836
1109,2120198,구역삼세무서,127.03745296989744,37.49537078733338
1110,2120045,남영동 먹자골목,126.97329558944608,37.54282954340131
1111,2120147,보라매역,126.9213140729107,37.49826077033788
1112,2120061,올림픽대교북단,127.09581773254911,37.54181159932984
1113,2120056,구의역,127.08551561773629,37.537242430153306
1114,2120029,을지로2가,126.98586284172254,37.56500527430328
1115,2120048,금호역,127.01962245254265,37.54855227701451
1116,2120174,논현역 5번,127.01664952683373,37.512314454839256
1117,2120071,성북구청,127.01561369738691,37.589422033967786
1118,2120162,방배동카페골목,126.98584190788522,37.49614173151997
1119,2120057,아차산역,127.08864434166334,37.55178224753709
1120,2120146,한강성심병원,126.91033843890423,37.5223548139475
1121,2120095,홍제역,126.9445774089621,37.588157675594786
1122,2120176,논현역 4번,127.01898985064885,37.5083046315867
1123,2120154,장승배기역,126.94140493057205,37.504273142534636
1124,2120179,양재역,127.03335425069059,37.48383911739726
1125,2120113,오목교역,126.87404623714785,37.52369121002118
1126,2120089,구파발역,126.91942243061023,37.63773359758557
1127,2120058,구의사거리,127.08864759140546,37.544970696839215
1128,2120019,경찰청앞교차로,126.9698475116304,37.56315522792203
1129,2120139,대림3동사거리,126.89722425398746,37.49993615971812
1130,2120082,상계백병원,127.06249247159028,37.64799776216205
1131,2120248,명일역,127.14498960337795,37.55128501447063
1132,2120134,구로전화국,126.90601431999752,37.47948160243561
1133,2120241,거여역,127.14556773969296,37.49356611898919
1134,2120023,서울시청,126.97766726154296,37.56762590673703
1135,2120067,장안동사거리,127.07142806933882,37.57187712899284
1136,2120044,삼각지역,126.97311778381803,37.5338014806503
1137,2120168,서울고교교차로,127.00470339755228,37.48196963360904
1138,2120235,문정역,127.11905988010284,37.48521643992403
1139,2120124,개봉동 현대아파트,126.85589851643138,37.48964853757911
1140,2120189,강남역,127.02797762075095,37.497986330448
1141,2120080,마들역,127.05745249960042,37.665929865896395
1142,2120144,영중로,126.90492506703536,37.52714391108193
1143,2120206,개나리아파트,127.04413724979848,37.49723356283846
1144,2120009,종로3가역,126.9909213955321,37.572763343661094
1145,2120215,포스코사거리,127.05636895451428,37.506770010092765
1146,2120207,선정릉역,127.04541239018845,37.511405894352244
1147,2120178,신사역,127.02048485004363,37.515809747331524
1148,2120017,동묘앞역(동묘),127.0149197481939,37.57299700865027
1149,2120042,"숙대입구역(남영역, 남영동)",126.97196047703987,37.542540914064645
1150,2120074,안암역,127.02952759093772,37.585797382745255
1151,2120180,양재화물트럭터미널앞,127.03710969051143,37.46435816055428
1152,2120164,내방역,126.99425595273196,37.488177535523576
1153,2120199,경복아파트교차로,127.03889594244671,37.50852500535553
1154,2120170,삼호가든사거리,127.01093608282727,37.50216980553961
1155,2120088,구산역,126.91681143064655,37.61185544493395
1156,2120218,코엑스,127.0590875108244,37.5120485682594
1157,2120018,중림동,126.9684683937307,37.55902830255469
1158,2120079,창동역,127.0480480586257,37.6527707296042
1159,2120129,구로디지털단지,126.89535790033842,37.483995708102256
1160,2120052,성수역,127.0571896987208,37.54482794274772
1161,2120171,서초3동사거리,127.0119846733475,37.482311502762386
1162,2120047,한남오거리,127.00746717392423,37.532714092923605
1163,2120136,영등포구청역,126.8949603121959,37.52568485618733
1164,2120055,군자역,127.07944990052377,37.5575281465031
1165,2120205,매봉역,127.04360930895815,37.48390785799115
1166,2120185,논현역,127.02211217405002,37.510691750707316
1167,2120246,길동역,127.13855851767894,37.5373272569403
1168,2120142,대림역,126.8978430372581,37.493990055417754
1169,2120081,노원역,127.06246502024783,37.65580929710029
1170,2120016,동대문역,127.01180646341433,37.5711773509685
1171,2120070,한성대입구역,127.00831068604955,37.589305645063185
1172,2120004,종로구청,126.9807331270806,37.57396044373229
1173,2120086,태릉입구역,127.0775104465789,37.61904919718193
1174,2120117,강서농산물도매시장,126.82052320497137,37.55346309282812
1175,2120077,미아역,127.02594106266109,37.625676039552715
1176,2120097,충정로역,126.96352163882145,37.56075679192099
1177,2120231,가락시장,127.1111806950321,37.493927847423606
1178,2120068,사가정역,127.08797757880798,37.581443523399884
1179,2120001,서대문역,126.96614473120391,37.56675820880155
1180,2120085,은행사거리,127.0767153614271,37.6499715335457
1181,2120135,양평역,126.88884051902728,37.52538192423793
1182,2120141,영등포청과시장교차로,126.89778327697077,37.52123638244085
1183,2120224,수서역,127.10283827879296,37.48780855534486
1184,2120169,서초역,127.00820940189729,37.491736370192996
1185,2120011,종로4가,126.99784925867147,37.57101574260091
1186,2120092,불광역,126.92925013649406,37.60880019483338
1187,2120211,도성초등학교,127.05260967286942,37.50054579641033
1188,2120214,영동대교남단교차로,127.05468521734747,37.524259282338384
1189,2120015,종로6가,127.00724473849448,37.57242109233801
1190,2120249,고덕역,127.15469266095872,37.55353420426839
1191,2120083,등나무근린공원,127.06643993267828,37.63993179879038
1192,2120116,송정역,126.80929894185307,37.56147337281933
1193,2120020,시청역_1번,126.97414831143087,37.563822985301535
1194,2120050,서울숲역,127.04672090909804,37.542039450712984
1195,2120024,회현역,126.97894922893671,37.55731874169367
1196,2120239,오금역,127.12612084413347,37.50197684511838
1197,2120177,신논현역 1번,127.01996175653478,37.505403235037875
1198,2120026,을지로입구역,126.98366642962401,37.56760886923281
1199,2120087,응암역,126.91632772724154,37.59879075137118
1200,2120140,문래동주민센터,126.89760917711308,37.51619061546175
1201,2120210,선릉역,127.04901603682542,37.50458384746136
1202,2120037,동대문역사문화공원역,127.00752702159981,37.5653212294317
1203,2120039,신당역,127.015359582957,37.564987101674035
1204,2120195,성수대교남단,127.0340863134583,37.527294390847324
1205,2120222,삼성역,127.0627611960508,37.509280590059866
1206,2120243,천호역,127.12643117239247,37.538449093081724
1207,2120229,방이동먹자골목,127.10943507916639,37.514310211924126
1208,2120145,영등포역(영등포),126.90666644639094,37.51872993854007
1209,2120238,방이역,127.12502422852552,37.50898782759514
1210,2120028,명동(명동거리),126.98425594832347,37.56323010822236
1211,2120130,구로디지털단지역,126.90129539420982,37.482811486601086
1212,2120221,봉은사역,127.06206454963771,37.51483114367817
1213,2120193,도산공원교차로,127.0335745396856,37.521302871685855
1214,2120106,마포역,126.94618646731075,37.53915323212399
1215,2120054,어린이대공원역,127.07349848521343,37.54770211430659
1216,2120187,신논현역,127.02562780655029,37.50496965911973
1217,2120151,보라매공원,126.92524525632736,37.49117240038422
1218,2120043,서울역,126.97272544221498,37.554839724833876
1219,2120123,오류동역,126.84516688105364,37.495572592815066
1220,2120036,장충동족발거리(남소영길),127.00567033203458,37.56002347355686
1221,2120032,충무로역,126.99521238305732,37.56144708765068
1222,2120244,암사역,127.12774329693703,37.551485131700986
1223,2120128,신도림역,126.8907436889908,37.50806641978532
1224,2120063,청량리역(청량리),127.04720964591627,37.58136775830755
1225,2120012,대학로(혜화역),127.00115479368601,37.58300799128798
1226,2120007,북촌(안국역),126.98520343644134,37.579745472481356
1227,2120022,북창동(시청역_6번),126.97743088535567,37.563229000816506
1228,2120103,홍대입구역(홍대),126.92204876753537,37.552979108286294
1229,2120138,당산2동(영등포우체국),126.89680998001633,37.52977703358576
1230,2120202,압구정로데오역(압구정로데오),127.04018381643365,37.526832962629484
1231,2120186,가로수길,127.02259028422475,37.52086399195278
1232,2120109,서울남부지방법원,126.86059987561705,37.52141458988186
1233,2120197,역삼역,127.03615491755498,37.50034474708441
1234,2120133,서울시흥동우체국(홈플러스시흥점),126.9016737124347,37.45294329772261
1235,2120152,신대방삼거리역,126.92720454482131,37.49966110639388
1236,2120062,신설동역,127.02382927531877,37.575175953803644
1237,2120003,광화문역,126.97431524744344,37.57210317228425
1238,2120040,용산전자상가(용산역),126.96114776793073,37.533293588754994
1239,2120217,대치사거리,127.05789304626857,37.50320129220644
1240,2120155,총신대학교,126.96459709167686,37.48845168327324
1241,2120120,화곡역,126.83878151666158,37.541118732328876
1242,2120066,장한평역(장한평),127.06381301420294,37.562339946186
1243,2120112,등촌역,126.86508291819885,37.55091853415004
1244,2120236,장지역(가든파이브),127.12235031684138,37.478392444935615
1245,2120041,신용산역(용산역),126.96336793532998,37.52792432996708
1246,2120030,중부경찰서(영화인의거리),126.99035673825065,37.562365807491766
1247,2120107,공덕역(공덕오거리),126.95207836523812,37.54407522832055
1248,2120076,수유역,127.02475563592157,37.637767525666824
1249,2120072,성신여대,127.01687120424698,37.592575333611514
1250,2120183,양재천카페거리,127.04373160652761,37.480348828069054
1251,2120212,한티역,127.05374948985842,37.497202550317624
1252,2120192,뱅뱅사거리,127.0309938485395,37.49028196786674
1253,2120069,상봉역,127.0880741097498,37.59611160557796
1254,2120046,이태원(이태원역),126.99464835924103,37.53503879017413
1255,2120153,노량진역(노량진),126.94119378106345,37.51393180702887
1256,2120034,중구청(퇴계로4가),126.99838144519656,37.56357352551875
1257,2120053,건대입구역(건대),127.06946384733264,37.541145282825624
1258,2120049,왕십리역(왕십리),127.03750888524914,37.561900734832264
1259,2120165,서래마을카페거리(서래마을),126.99762518875163,37.49776436790119
1260,2120163,사당역 11번(사당역먹자골목),126.98667042969824,37.479202877426964
1261,2120114,목동신시가지,126.87766354587396,37.53227254475103
1262,2120065,회기역,127.05816366976113,37.589552894976634
1263,2120166,방배역,126.99765963135242,37.48120384644626
1264,2120247,굽은다리역,127.14230790596814,37.54552188974153
1265,2120245,둔촌역,127.13492936791177,37.52633925189387
1266,2120121,까치산역,126.84766366013154,37.53012030642088
1267,2120219,은마아파트,127.06043430040828,37.49901935242015
1268,2120098,DMC(디지털미디어시티),126.88994880566798,37.57950589236124
1269,2120102,서교동(홍대),126.91715749089795,37.55510213221049
1270,2120160,사당역(사당),126.98252190473701,37.47613890418936
1271,2120149,여의도역(여의도),126.92510028380715,37.52310391985115
1272,2120184,포이사거리(삼호물산),127.04578739021845,37.477221547041395
1273,2120002,서촌(경복궁역),126.97116540976113,37.57967079866733
1274,2120228,석촌역(석촌호수),127.10553294746038,37.50642096650224
1275,2120125,구로역,126.8785837535257,37.50200880441411
1276,2120204,르네상스호텔사거리,127.0429077996716,37.502793223157454
1277,2120091,본서부병원,126.92204404331117,37.600948033037646
1278,2120122,강서구청,126.85069860207845,37.55135172097602
1279,2120200,학동사거리,127.03941246043162,37.522895842647785
1280,2120172,교대입구교차로,127.0126639787473,37.48780758317189
1281,2120158,녹두거리(대학동),126.93707927569561,37.470248858190324
1282,2120225,잠실새내역(신천),127.08320004205295,37.510205006732974
1283,2120148,국회의사당역(국회의사당),126.92138436768577,37.52828226625194
1284,2120099,월드컵경기장역(월드컵경기장),126.89660761188102,37.56981721342525
1285,2120190,강남을지병원,127.02826855511489,37.51978156581801
1286,2120132,독산동,126.89377052331741,37.47117293138404
1287,2120188,압구정역,127.02777299030016,37.525611170385595
1288,2120242,강동구청역,127.12338451202417,37.529766672094055
1289,2120213,삼성중앙역,127.05377153085408,37.51216823841516
1290,2120093,연희동,126.92990086646266,37.5670576005834
1291,2120108,신정네거리역,126.85308849711645,37.52145954574282
1292,2120110,목동역 8번출구,126.86071620256945,37.52577557594718
1293,2120090,연신내역,126.92202499754656,37.61919304915558
1294,2120059,구삼강변맛길,127.09219331055792,37.53894029574385
1295,2120233,몽촌토성역,127.11326064084265,37.51590138154374
1296,2120159,서울대입구역,126.95107849485403,37.4810315600199
1297,2120237,경찰병원역,127.12348714576828,37.49593387909948
1298,2120105,상수역(홍대),126.92300401665605,37.54848375426617
1299,2120208,청담사거리(청담동명품거리),127.04798837218263,37.52461358412792
1300,2120104,연남동(홍대),126.92298068413469,37.560160668024764
1301,2120173,교대역(법원.검찰청),127.01546939771684,37.49388003982017
1302,2120230,송파사거리(송파역),127.10973228218874,37.500984079269855
1303,2120181,교육개발원입구사거리,127.03800926138534,37.47736846666741
1304,2120033,을지로4가역,126.99677407997184,37.56656479983557
1305,2120101,합정역,126.91357667874219,37.54924307931324
1306,2120201,도곡1동,127.03996174769397,37.49226149114439
1307,2120096,"이화여대(이대역, 이대)",126.94512036722128,37.55800163197202
1308,2120156,"총신대입구역(이수, 총신대)",126.98152452593487,37.48632015396078
1309,2120194,언주역(차병원),127.03368156281698,37.50773372300574
1310,2120161,방배동가구거리(사당동가구거리),126.98360307914544,37.495087264053566
1311,2120119,발산역(마곡),126.83582012415744,37.56030589698965
1312,2120157,신림역(신림),126.92938974879841,37.484903936004784
1313,2120167,고속터미널(고속터미널역),127.00398102058489,37.505008412236045
1314,2120220,대치역,127.06200250745094,37.49452251741251
1315,2120232,송파나루역,127.11214425622487,37.510640585475805
1316,2120182,"양재시민의숲역(양재동꽃시장, aT센터)",127.04082051561939,37.470330640291394
1317,2120094,"신촌역(신촌역, 신촌로터리)",126.93614676407307,37.55642037481656
1318,2120209,"강남구청(청담역_8번, 강남세무서)",127.04888942339811,37.51854045610646
1319,2120025,롯데백화점(시청광장 지하쇼핑센터),126.98018081598939,37.56499544722643
1320,2120060,강변역(테크노마트),127.09486959349937,37.534730505239324
1321,2120064,경희대학교(경희대),127.0524140169047,37.592655000955574
1322,2120051,뚝섬역,127.04874929377586,37.546561647080196
1323,2120078,미아사거리역,127.03149766942788,37.612808580659156
1324,2120223,휘문고교사거리,127.06487188953616,37.504260852229244
1325,2120084,공릉역,127.07405066142944,37.625367339526214
1326,2120191,학동역,127.02952173545057,37.513573344814894
1327,2120005,삼청동,126.98141022306568,37.58245692713615
1328,2120014,종로5가역,127.00217339642009,37.57155633931915
1329,2120027,명동역(명동재미로),126.98405296982729,37.559689163884585
1330,2120115,김포공항역(김포공항),126.80275963371889,37.56476928131704
1331,2120240,개롱역,127.13486250479086,37.49547093785277
1332,2120126,디지털단지오거리,126.88856678457839,37.48122340263995
1333,2120131,가산디지털단지,126.88259391642747,37.476063847626115
1334,2120226,석촌고분역,127.09669618624415,37.50354531460494
1335,2120031,을지로3가역,126.99152207113889,37.566429390115545
1336,2120038,약수역,127.01063807140764,37.55386931814157
1337,2120216,경기고교사거리(경기고교앞사거리),127.05657185968903,37.52086161406612
1338,2120227,잠실역,127.10070284742547,37.51427292934906
1339,2130116,동성타워프라자,127.09736357028017,37.608024408156915
1340,2130254,남서울상가,126.90692468106978,37.52028887721749
1341,2130316,마천시장,127.15042828524473,37.49826328099475
1342,2130131,동북프라자,127.01918817497031,37.62017229847157
1343,2130147,쌍문역동측상점가,127.0350247487099,37.64693694427039
1344,2130126,새석관시장,127.05266276570765,37.608214998986504
1345,2130173,백련시장,126.92311053835193,37.576973327344845
1346,2130125,장위전통시장,127.05118147618208,37.611612380046004
1347,2130082,면곡골목시장,127.08123018412144,37.57109593570095
1348,2130231,독산동 우시장,126.89613956699621,37.466561863659784
1349,2130095,청량리전통시장,127.04338326565406,37.58172061407809
1350,2130161,증산종합시장,126.90525201383879,37.581672541574214
1351,2130096,동부시장,127.05259999071382,37.56730095286713
1352,2130258,영진시장A동,126.91595131087061,37.500437511093445
1353,2130077,조양시장,127.06748167951677,37.538911952569784
1354,2130026,소공지하도상가,126.97959240167398,37.564400689480536
1355,2130249,동남상가,126.90563472633008,37.52059419455499
1356,2130185,망원월드컵시장,126.90567782763898,37.558228989823824
1357,2130091,청량종합도매시장,127.04070034599911,37.58214503656979
1358,2130213,방신전통시장,126.81226229750719,37.57129896450233
1359,2130124,번동시장,127.04800515968569,37.621326367933
1360,2130079,한아름시장,127.06989611986855,37.54360475631051
1361,2130263,신노량진시장(기능상실),126.93964855530811,37.50847995170747
1362,2130320,암사종합시장,127.12899856640617,37.55097019830524
1363,2130321,장신구 특화거리 상점가,127.12910558080954,37.52771528389157
1364,2130136,수유재래시장,127.02153628488152,37.63192977134304
1365,2130199,신월3동 골목시장,126.8261825169914,37.53362256505887
1366,2130178,이대 앞 스타트업 상점가,126.9445307906513,37.559424931777826
1367,2130241,선유도역 골목형상점가,126.89574974161324,37.53558755721345
1368,2130266,만양로상점가,126.94480386661324,37.51141073776288
1369,2130073,뚝도시장,127.05452566734519,37.538188835344926
1370,2130193,신수시장,126.93528494784597,37.545283567858654
1371,2130060,신흥시장,126.98501788573286,37.54526431081996
1372,2130018,동대문문구완구거리(동대문문구완구시장),127.01407048276077,37.571582550680205
1373,2130197,마포시장,126.95351487742786,37.54499482177609
1374,2130002,세종마을음식문화거리(금천교시장),126.97084948959129,37.57693169895617
1375,2130030,을지로지하보도쇼핑센터(을지입구지하상가),126.98698319413543,37.56619471797576
1376,2130189,서교시장,126.92147110192711,37.553456254324395
1377,2130006,종로4가지하쇼핑센터,126.9978719380448,37.569610190233455
1378,2130089,청량리수산시장,127.0404716896833,37.57802757344166
1379,2130308,청담삼익시장,127.0576929304569,37.52238376634308
1380,2130181,아현가구거리상점가,126.95904125486794,37.557836092364035
1381,2130138,수유프라자,127.0235754199279,37.63170413504289
1382,2130319,성내전통시장,127.12749794227429,37.53367264598929
1383,2130220,등마루시장,126.86018333315604,37.5566972361692
1384,2130324,길동복조리시장,127.14356262876939,37.53892505875602
1385,2130117,정릉시장,127.00898097000672,37.608100268720015
1386,2130108,태능엔터피아(태릉시장),127.07762578523166,37.59924537842473
1387,2130043,제일평화시장,127.01133065046099,37.568636590486186
1388,2130016,동대문상가B동,127.0119534296407,37.56998802235077
1389,2130217,화곡본동시장,126.84389120115654,37.54340512468583
1390,2130265,노량진중앙시장,126.94474640992316,37.512636076582076
1391,2130299,엔터식스 강남점,127.00744181292227,37.50519745603007
1392,2130005,세운상가가동,126.99560804393944,37.56958309785432
1393,2130088,경동시장,127.03922717765772,37.57949661380909
1394,2130149,창동신창시장,127.03697018757465,37.63981857595491
1395,2130059,후암시장,126.9762691848511,37.550281440030346
1396,2130112,사가정시장,127.09086444429359,37.581396286871325
1397,2130145,쌍문역둘리상점가,127.03237286046118,37.64604572793326
1398,2130021,신설종합시장,127.02091924988507,37.57266272983928
1399,2130098,회기시장,127.05567391602794,37.591157861683286
1400,2130157,상계중앙시장,127.06917762270689,37.65983294031993
1401,2130166,응암시장(신응암시장),126.91862008802893,37.59426036888045
1402,2130311,새마을시장,127.08555147207773,37.509194202170384
1403,2130183,상암동상점가,126.89579360887427,37.577222672471365
1404,2130048,동평화시장,127.01323245743998,37.569537388194306
1405,2130164,역촌중앙시장,126.91617558429218,37.613278557077926
1406,2130297,강남터미널지하도상점가1구역,127.00209230479288,37.50526074228403
1407,2130190,홍대소상공인상점가,126.9216073025933,37.55307792577082
1408,2130191,홍대 걷고싶은 거리,126.92511281276195,37.55582824379385
1409,2130154,상계주공1단지(가)상가,127.05951141142731,37.646855054647475
1410,2130309,은마종합상점가,127.0637108768951,37.495512715876615
1411,2130228,구로시장,126.88558173622816,37.488789016420974
1412,2130203,서서울 골목형상점가,126.8372197858556,37.5308181635303
1413,2130025,삼익패션타운(남대문시장),126.97933330630377,37.559931701263565
1414,2130240,영등포유통상가,126.89430896064147,37.52228749733409
1415,2130167,연신내상점가(연빛거리),126.91861408365959,37.62056024706098
1416,2130180,포방터시장,126.94874788571435,37.59901651028467
1417,2130222,오류시장,126.84337825790713,37.49648926103977
1418,2130211,신정2동 골목시장(오목교중앙시장),126.87617818578025,37.52054896671509
1419,2130033,대림상가(청계상가),126.9954157371206,37.5675558503603
1420,2130140,숭인시장,127.02924407695441,37.61353896154975
1421,2130141,강북북부골목시장,127.03020453374006,37.63593725667959
1422,2130260,신대방1동골목상권,126.90865841755938,37.48998042114703
1423,2130174,연희사러가,126.92966308945822,37.56713854877354
1424,2130065,무학봉상점가,127.03029913992071,37.56194785503293
1425,2130187,영진시장,126.91284758326063,37.55340515421513
1426,2130218,신월중앙시장,126.84440224299168,37.558848895354146
1427,2130255,영등포전통시장,126.9084736558968,37.52092078957984
1428,2130275,강남골목시장,126.90492508807954,37.482535150501135
1429,2130196,공덕시장,126.95282490044893,37.5445440485428
1430,2130113,신아타운,127.09458679975675,37.60638686561608
1431,2130296,남부종합시장,126.98493750711722,37.49479911952315
1432,2130009,마전교지하쇼핑센터(구 한일상가),127.00303363777365,37.5700426482503
1433,2130153,창동역상점가,127.04929477266117,37.65304951985201
1434,2130001,통인시장,126.96986311345816,37.58061651690465
1435,2130031,청계천공구상가,126.99108049059312,37.56760065221442
1436,2130019,동대문상가D동,127.01464748257975,37.57000573874298
1437,2130144,백운시장,127.01537832746185,37.65607710807642
1438,2130283,신원시장,126.92722104298304,37.48265910904995
1439,2130184,마포농수산물시장,126.89623103608179,37.56384328272239
1440,2130194,용강동 상점가,126.9422585964544,37.54124169654822
1441,2130195,도화동 상점가,126.94973901538778,37.53963232758509
1442,2130245,영일시장,126.90045822259654,37.51726524468712
1443,2130168,연서시장,126.92260198241581,37.619860159851676
1444,2130202,신영시장,126.83580084947815,37.53297859991472
1445,2130186,망원시장,126.906121638512,37.556301209842985
1446,2130310,강남개포시장,127.06765141951202,37.48880703177452
1447,2130278,미성동 도깨비시장 골목형상점가,126.91652319318436,37.474335720513025
1448,2130076,능동로골목시장,127.06656174266827,37.53504718333688
1449,2130244,대림중앙시장,126.89935126221098,37.49081980560789
1450,2130011,충신시장,127.00566009583586,37.5743222781917
1451,2130225,개봉중앙시장,126.85461723928721,37.49147601166579
1452,2130066,행당시장상점가,127.03326422660298,37.561244279471474
1453,2130152,오!도봉거리 상점가,127.04548807116764,37.673088868785655
1454,2130313,방이시장,127.11555034136788,37.51168246719788
1455,2130294,관악중부시장,126.9563113459466,37.484250211905014
1456,2130003,종각지하쇼핑센터,126.98399413237938,37.57019477142402
1457,2130039,청계6가 지하도상가,127.0095534522072,37.568141200062165
1458,2130230,가리봉시장,126.88919947441073,37.481530340552304
1459,2130233,남문시장,126.90092244615478,37.4741254470657
1460,2130171,불광먹자골목 골목형상점가,126.93089078651143,37.610458987098106
1461,2130305,논현종합시장,127.03434984703034,37.50988693188303
1462,2130051,동화동 골목형상점가,127.01728314668246,37.56226582667545
1463,2130063,신금호역 골목형상점가,127.0203028402535,37.5537509221088
1464,2130054,황학동주방가구거리상점가,127.02015975263448,37.568725512526626
1465,2130049,신당 미래유산 먹거리 골목형상점가,127.01484979975434,37.562779725845104
1466,2130020,동묘시장(동묘벼룩시장),127.01769302012775,37.572465038542504
1467,2130277,조원동 펭귄시장(신림중앙시장),126.91155022765544,37.48284663878891
1468,2130207,신정1동 골목시장(신정제일시장),126.85423234024334,37.52078521138561
1469,2130232,독산동 맛나는거리상점가(독산동 맛나는거리),126.90031843510026,37.46925948454301
1470,2130133,우이골목시장(우이시장),127.01965951500449,37.64647199386833
1471,2130253,영신상가(제일상가),126.90665361939053,37.51994628225997
1472,2130146,쌍문시장(쌍문역골목시장),127.03366591958141,37.64896455261799
1473,2130107,중랑동부시장(중랑교종합상가),127.07725694432641,37.59298373151954
1474,2130132,삼양골목시장(삼양시장),127.01943861538636,37.62494749049848
1475,2130261,성대전통시장(성대시장),126.93111771477832,37.49934810082693
1476,2130027,명동지하쇼핑센터(소공동지하쇼핑센터),126.98144884326608,37.56368920868681
1477,2130287,삼성동 시장(삼성동시장),126.9322292753296,37.47066965105148
1478,2130080,자양종합시장(기능상실),127.07640189874043,37.531869704340735
1479,2130105,장미제일시장(중화동제일시장),127.07602310082471,37.60447216560195
1480,2130075,노룬산시장(노룬산골목시장),127.06483198138419,37.53657083645914
1481,2130044,에리어식스(벨포스트),127.0116927789104,37.56805991794879
1482,2130071,성수역 골목형상점가,127.05324168965555,37.54648762706064
1483,2130118,정릉골 골목형상점가,127.00976299340184,37.6125150539275
1484,2130123,꿈의숲 장곡 골목형상점가,127.04658715437057,37.617975261877376
1485,2130242,대림중앙 골목형상점가,126.8982441357769,37.49007102124328
1486,2130264,상도약수골목형상점가,126.9441813567214,37.49678712779476
1487,2130290,영림시장,126.94317513682859,37.48155060844616
1488,2130282,난곡 골목형상점가,126.92119744236741,37.46933832361429
1489,2130326,고덕 골목형상점가,127.17005990251123,37.55794597430517
1490,2130111,"동원전통종합시장(동원시장, 동원전통시장 상점가)",127.09037696211738,37.59020836981619
1491,2130012,"동대문종합시장(동대문종합시장 신관, 동대문종합시장D동상가)",127.00813880107481,37.570492904371505
1492,2130302,강남시장(강남구 강남시장),127.02068927514331,37.51878302313745
1493,2130246,영등포청과시장(조광시장),126.90099541544625,37.521626549748994
1494,2130028,을지입구지하상가(을지로지하보도쇼핑센터),126.98196892256549,37.566076929164566
1495,2130155,시영B상가(중계 그린아파트 B 상가),127.0637686861548,37.643050678623815
1496,2130047,테크노상가(엘리시움),127.01314179089084,37.568906701449635
1497,2130037,청계5가쇼핑센터(청계5가지하쇼핑센터),127.00207145133813,37.569132663617445
1498,2130267,본동인정시장(기능상실),126.95110383256123,37.51153965425238
1499,2130274,사당1동먹자골목상점가(사당1동먹자골목),126.98033933197657,37.478571287035216
1500,2130084,신성시장(신성골목시장),127.08861779541239,37.55803518975219
1501,2130128,돌곶이시장(석관황금시장),127.06221129398838,37.609751043543376
1502,2130087,경동광성상가(경동시장),127.03914880360323,37.58116347832698
1503,2130276,신림중앙시장(조원동 펭귄시장),126.91149314317813,37.48331512042504
1504,2130035,방산종합시장(방산시장),127.00007923480325,37.568150596530685
1505,2130041,신평화패션타운(청계6가 지하도상가),127.01093458451703,37.56939346410913
1506,2130120,돈암시장(돈암제일시장),127.01585197199242,37.59179161184352
1507,2130273,남성사계시장(남성시장),126.98030285566536,37.48832019447717
1508,2130135,수유중앙골목시장(수유중앙시장),127.0211989204561,37.64074146818467
1509,2130236,비단길현대시장(현대시장),126.90279823130282,37.45732314939287
1510,2130315,문정동 로데오거리 상점가(문정동 로데오거리),127.12432427775882,37.489301591781754
1511,2130177,인왕시장(홍제골목형상점가),126.94326193149666,37.59091408708668
1512,2130007,광장시장(광장전통시장),126.9998868047788,37.56989852790513
1513,2130208,목동깨비시장(목3동시장),126.86519996252085,37.548765282955365
1514,2130069,"한양대앞상점가(한양시장, 왕십리맛골목)",127.0401900710584,37.559566270929615
1515,2130165,"대림골목시장(대림시장, 양지시장)",126.91726927304877,37.58706050359087
1516,2130137,"수유전통시장(수유시장, 수유골목시장)",127.02261231420833,37.63120878125106
1517,2130200,"신월7동 골목시장(약수시장, 우성상가)",126.8331078785916,37.52293767543516
1518,2130055,"황학시장(서울중앙시장, 신중앙시장)",127.02170999281007,37.56696829595104
1519,2130038,"평화시장(통일상가, 동화상가)",127.00586342415787,37.568772137953566
1520,2130221,"남부골목시장(남부화곡시장, 남부시장)",126.86057816158355,37.533082530617065
1521,2130083,"중곡제일시장(중곡제일골목시장, 광성시장)",127.08122227894687,37.56381589690654
1522,2130224,개봉프라자(고척근린시장),126.85118130752937,37.50206756201903
1523,2130024,남대문시장(자유상가),126.9779752879189,37.55944491737576
1524,2130022,숭례문수입상가(남대문시장),126.97609649555942,37.559489601803634
1525,2130103,이경시장,127.06607131654195,37.59469339712492
1526,2130235,대명여울빛거리시장(대명시장),126.90227192542963,37.45354747256885
1527,2130100,답십리시장,127.05829863627368,37.5738755413933
1528,2130094,청량리청과물시장,127.04266902052436,37.57996393670919
1529,2130201,월정로시장,126.83412629359886,37.533021309777666
1530,2130307,도곡시장,127.05158994386073,37.4977621371078
1531,2130322,고분다리전통시장,127.13302303984942,37.54220802885624
1532,2130148,방학동도깨비시장,127.03511258986977,37.66503765083154
1533,2130317,마천중앙시장,127.15100533538632,37.49841571573517
1534,2130257,영등포시장기계공구상가,126.91037577070891,37.51951668397584
1535,2130293,봉천중앙시장,126.95462664853903,37.48427660719242
1536,2130032,인현시장,126.9950311678989,37.56330313312752
1537,2130158,상계역전종합상가,127.07313406014887,37.66101984915911
1538,2130291,봉천제일종합시장,126.94441906307728,37.48121782687753
1539,2130182,영천시장,126.96110587777878,37.5703696486125
1540,2130210,목2동시장,126.87309180524579,37.54618816349394
1541,2130129,장미원골목시장,127.01425431701415,37.645175354095734
1542,2130015,창신골목시장,127.01159173793087,37.57342985990143
1543,2130262,상도도깨비 골목형상점가,126.93707483585695,37.50250494460339
1544,2130130,수유북부골목시장,127.01603138025182,37.63636349682652
1545,2130008,종오지하쇼핑센터,127.00113196721149,37.57088961742692
1546,2130114,유영시장,127.09682128526401,37.591572767280304
1547,2130216,화곡중앙시장,126.83913502301287,37.53457795868011
1548,2130252,영등포로타리지하도상점가,126.90624973687235,37.51726998356174
1549,2130086,서울약령시장,127.03765501452236,37.58238030559706
1550,2130056,용산용문시장,126.96021836046218,37.536419751897846
1551,2130053,백학시장,127.0196943951757,37.563923282568055
1552,2130204,경창시장,126.84213192945685,37.52448178488602
1553,2130318,로데오거리상점가,127.12723552925053,37.5390428889268
1554,2130285,서원동상점가,126.92832920191134,37.482515625079216
1555,2130104,전곡시장,127.06863710309504,37.577356831486625
1556,2130243,도림시장,126.89848874515984,37.50984830815039
1557,2130004,낙원시장(낙원지하시장(대일상가)),126.98801216696957,37.57276308408844
1558,2130250,삼구시장(로타리상가),126.90570319960818,37.52011671781424
1559,2130072,성동용답상가시장,127.05327673825876,37.56393092441362
1560,2130212,공항시장,126.80875191494817,37.56294111034124
1561,2130281,우림시장,126.92038255584764,37.47025680809954
1562,2130314,풍납시장,127.11993443325196,37.53715843020258
1563,2130312,석촌시장,127.10732259481014,37.50039162934787
1564,2130304,신사상가,127.02840903366338,37.53226942145435
1565,2130179,"이화여대 3,5,7길 상점가",126.94502967325094,37.55820881912215
1566,2130078,화양제일골목시장,127.06908106033649,37.5432358262221
1567,2130289,봉일시장,126.93838909588241,37.485846020156366
1568,2130102,이문제일시장,127.06254674496184,37.604597205769174
1569,2130058,이촌종합시장,126.97476277019915,37.520602165174964
1570,2130057,만리시장,126.96361678813483,37.55128733744743
1571,2130237,박미시장(기능상실),126.9051143009567,37.440178742175625
1572,2130259,대신시장,126.91769254675839,37.51106158610799
1573,2130306,강남언주로,127.04284113264286,37.504874569998286
1574,2130323,둔촌역전통시장,127.1343098073144,37.52781760029126
1575,2130127,석관시장,127.06039856436435,37.608959114650474
1576,2130014,동문시장,127.01105926627324,37.570528706724936
1577,2130106,중랑동부시장,127.07669003580207,37.5922452879891
1578,2130064,금남시장,127.02232704377174,37.54854278660659
1579,2130150,창동골목시장,127.03907693857637,37.638574537995716
1580,2130300,강남터미널지하도상점가3구역,127.0077021157307,37.50693637937295
1581,2130121,길음시장,127.02201492093346,37.603080043037224
1582,2130097,답십리 건축자재시장,127.0537096206874,37.56779600090119
1583,2130268,상도전통시장,126.95203932234345,37.49901606501195
1584,2130292,봉천현대시장,126.94656344748968,37.48652575616655
1585,2130303,영동전통시장,127.02414754331555,37.509033503693814
1586,2130134,"솔샘시장(미아6,7동골목시장)",127.01978829365646,37.6193432905948
1587,2130163,응암오거리상점가,126.91536506752479,37.58890618805806
1588,2130223,고척근린시장,126.84973358096764,37.50213780972391
1589,2130101,답십리현대시장,127.05847450311659,37.567154030082776
1590,2130298,강남터미널지하도상점가2구역,127.00470490753226,37.50604454169427
1591,2130169,대조시장,126.92663293222415,37.60985275417694
1592,2130247,우리시장,126.90503159619341,37.496645011939904
1593,2130160,수일시장,126.89504961213514,37.583033421304876
1594,2130074,영동교골목시장,127.06387161119258,37.538166130258304
1595,2130067,왕십리도선동상점가,127.0341144070515,37.56412722566779
1596,2130192,동진시장,126.92681540195032,37.56230747910093
1597,2130215,대원종합시장,126.83648814826167,37.544647493618925
1598,2130198,아현시장,126.95392669466922,37.55614934232063
1599,2130010,종로신진시장,127.00500326071203,37.5703759495005
1600,2130109,묵1동도깨비시장,127.08035091468065,37.61663264975513
1601,2130280,신림종합시장,126.91699795142816,37.484607557749925
1602,2130256,신동시장,126.90898940984036,37.50608165612252
1603,2130013,동대문상가A동,127.01070827558121,37.569952102041356
1604,2130271,남성역골목시장,126.97254784732148,37.48358835375658
1605,2130070,뚝섬역상점가,127.04925969903552,37.54836343282094
1606,2130251,영등포시장지하도상점가,126.90597498113492,37.51988267377011
1607,2130279,관악신사시장,126.9167925734798,37.48628328836025
1608,2130229,남구로시장,126.88717406636194,37.49011502849712
1609,2130061,이태원시장,126.98929688207888,37.53389415533175
1610,2130034,필동 골목형상점가,126.99650273776166,37.55984335853131
1611,2130046,team204(팀204),127.01310764331144,37.56782551045061
1612,2130270,흑석시장,126.96298233694306,37.50694885034213
1613,2130151,신도봉시장,127.04163253595895,37.67027022597201
1614,2130188,합정시장,126.91319310237758,37.548224669750645
1615,2130301,양재시장,127.03836317419685,37.484098889658824
1616,2130206,신정3동 골목시장,126.85320732006866,37.518549456067966
1617,2130062,보광시장,127.00037333036065,37.52702900857618
1618,2130122,밤나무골시장,127.03551650443167,37.60880704784678
1619,2130040,남평화시장,127.01081003676086,37.56915921674254
1620,2130284,관악종합시장(신원시장),126.92804744253655,37.48157840479633
1621,2130269,강남시장(동작구 강남시장),126.95334117532458,37.49686318116569
1622,2130023,남대문로 지하상가(남대문지하쇼핑센터),126.97786167399397,37.56091352108079
1623,2130156,시영2단지 무지개종합상가(중계 무지개2단지아파트상가),127.0655818365199,37.64333799956211
1624,2130045,광희패션몰,127.01197585809301,37.568672566624045
1625,2130176,유진상가,126.94303495561284,37.59159873172186
1626,2130017,동대문상가C동,127.01331177548971,37.56999688695587
1627,2130175,신촌 상인회(신촌상점가),126.93717660901918,37.55647498710834
1628,2130205,신곡종합시장(신월6동 골목시장),126.84257524973074,37.5180852625372
1629,2130209,목사랑시장(목4동시장),126.86637390927591,37.53773839108699
1630,2130081,자양골목전통시장(자양골목시장),127.07944760396144,37.53403910676407
1631,2130036,중부시장(신중부시장),127.00028297169224,37.565573747947155
1632,2130093,동서시장,127.0414123248943,37.57985626500525
1633,2130234,푸른터시장(기능상실),126.90141468436958,37.47807228008484
1634,2130295,인헌시장(원당종합시장),126.9655309519915,37.473936705099106
1635,2130172,모래내시장(서중시장),126.91521666863787,37.57000323337951
1636,2130286,신신림시장(삼성동시장),126.9320144239022,37.47074160846811
1637,2130139,강북종합전통시장(강북종합골목시장),127.02634334578192,37.6421189378963
1638,2130214,송화벽화시장(송화골목시장),126.83518770974258,37.54939394500909
1639,2130052,서울중앙시장(신중앙시장),127.01875571118534,37.566959792290056
1640,2130110,면목골목시장(면목시장),127.08549492668804,37.578562167983605
1641,2130227,고척골목시장상점가(그라운드 고척),126.86356261355135,37.50335292805842
1642,2130288,신림현대종합상가,126.93410240299266,37.474572084467184
1643,2130162,증산골목시장,126.91173099628378,37.58855213940958
1644,2130272,사당시장,126.97513722688751,37.483003271393486
1645,2130239,양남시장,126.89117462764662,37.52285228235855
1646,2130115,우림골목시장,127.09733881424857,37.59771710236982
1647,2130143,방천골목시장,127.03319653654897,37.61272702599921
1648,2130029,명동역지하도상가,126.984969483437,37.56089661995827
1649,2130248,영등포역지하도상점가,126.90513374824565,37.514223701021066
1650,2130042,약수시장,127.011090605749,37.55286015878791
1651,2130238,은행나무시장,126.91009519329991,37.451616504704845
1652,2130219,까치산시장,126.84738743730836,37.532426511107005
1653,2130068,마장축산물시장,127.03918827107856,37.570063212925014
1654,2130226,고척프라자,126.86280405702354,37.50380255195171
1655,2130119,정릉아리랑시장,127.01189072528825,37.60276615066794
1656,2130325,명일전통시장,127.14533655374252,37.549293383055335
1657,2130159,공릉동 도깨비시장,127.0759166434203,37.62229378815942
1658,2130090,청량리종합시장,127.04067631601974,37.57959523269068
1659,2130142,강북북부시장,127.03043127134146,37.636297592523334
1660,2130085,용두시장,127.02975111083673,37.578463239275386
1661,2130050,청평화시장,127.01502094409928,37.56959123391318
1662,2130170,제일시장,126.92939624253887,37.609989588095516
1663,2130092,청량리농수산물시장,127.0409825308473,37.58059522991242
1664,2130099,전농로터리시장,127.05672804457532,37.57770553283901
1665,1001492,명동 남대문 북창동 다동 무교동 관광특구,126.98185620077636,37.564148780123666
1666,1001493,동대문패션타운 관광특구,127.0110248333143,37.567312155725965
1667,1001494,종로?청계 관광특구,126.9973738673892,37.56999760824763
1668,1001495,잠실 관광특구,127.11527494608232,37.51647607488473
1669,1001496,강남 마이스 관광특구,127.06005939988393,37.511002913176945
1670,1001491,이태원 관광특구,199503.0,448326.0
