,기준분기코드,상권코드,상권코드명,총직장인구수
0,4,1001496,강남 마이스 관광특구,15904
1,4,1001495,잠실 관광특구,24375
2,4,1001494,종로?청계 관광특구,32935
3,4,1001493,동대문패션타운 관광특구,6054
4,4,1001492,명동 남대문 북창동 다동 무교동 관광특구,104830
5,4,1001491,이태원 관광특구,5839
6,4,2130326,고덕 골목형상점가,935
7,4,2130325,명일전통시장,89
8,4,2130324,길동복조리시장,154
9,4,2130323,둔촌역전통시장,171
10,4,2130322,고분다리전통시장,8
11,4,2130321,장신구 특화거리 상점가,433
12,4,2130320,암사종합시장,173
13,4,2130319,성내전통시장,34
14,4,2130318,로데오거리상점가,266
15,4,2130317,마천중앙시장,107
16,4,2130316,마천시장,18
17,4,2130315,문정동 로데오거리 상점가(문정동 로데오거리),1372
18,4,2130314,풍납시장,202
19,4,2130313,방이시장,3469
20,4,2130312,석촌시장,619
21,4,2130311,새마을시장,377
22,4,2130310,강남개포시장,298
23,4,2130308,청담삼익시장,48
24,4,2130307,도곡시장,57
25,4,2130306,강남언주로,235
26,4,2130305,논현종합시장,85
27,4,2130304,신사상가,138
28,4,2130303,영동전통시장,242
29,4,2130302,강남시장(강남구 강남시장),58
30,4,2130301,양재시장,35
31,4,2130299,엔터식스 강남점,1850
32,4,2130298,강남터미널지하도상점가2구역,2
33,4,2130296,남부종합시장,85
34,4,2130295,인헌시장(원당종합시장),122
35,4,2130294,관악중부시장,102
36,4,2130293,봉천중앙시장,154
37,4,2130290,영림시장,417
38,4,2130289,봉일시장,36
39,4,2130288,신림현대종합상가,2
40,4,2130285,서원동상점가,615
41,4,2130284,관악종합시장(신원시장),17
42,4,2130283,신원시장,25
43,4,2130282,난곡 골목형상점가,20
44,4,2130281,우림시장,1
45,4,2130280,신림종합시장,8
46,4,2130279,관악신사시장,120
47,4,2130278,미성동 도깨비시장 골목형상점가,75
48,4,2130277,조원동 펭귄시장(신림중앙시장),98
49,4,2130276,신림중앙시장(조원동 펭귄시장),43
50,4,2130275,강남골목시장,168
51,4,2130274,사당1동먹자골목상점가(사당1동먹자골목),389
52,4,2130273,남성사계시장(남성시장),141
53,4,2130272,사당시장,45
54,4,2130271,남성역골목시장,467
55,4,2130270,흑석시장,4
56,4,2130268,상도전통시장,239
57,4,2130267,본동인정시장(기능상실),59
58,4,2130266,만양로상점가,129
59,4,2130265,노량진중앙시장,115
60,4,2130264,상도약수골목형상점가,65
61,4,2130263,신노량진시장(기능상실),11
62,4,2130262,상도도깨비 골목형상점가,18
63,4,2130261,성대전통시장(성대시장),211
64,4,2130260,신대방1동골목상권,70
65,4,2130259,대신시장,12
66,4,2130257,영등포시장기계공구상가,158
67,4,2130256,신동시장,2
68,4,2130255,영등포전통시장,45
69,4,2130253,영신상가(제일상가),9
70,4,2130250,삼구시장(로타리상가),1
71,4,2130249,동남상가,10
72,4,2130248,영등포역지하도상점가,12
73,4,2130247,우리시장,21
74,4,2130246,영등포청과시장(조광시장),237
75,4,2130245,영일시장,675
76,4,2130244,대림중앙시장,95
77,4,2130243,도림시장,6
78,4,2130242,대림중앙 골목형상점가,68
79,4,2130241,선유도역 골목형상점가,500
80,4,2130240,영등포유통상가,1183
81,4,2130238,은행나무시장,113
82,4,2130237,박미시장(기능상실),39
83,4,2130236,비단길현대시장(현대시장),139
84,4,2130235,대명여울빛거리시장(대명시장),298
85,4,2130234,푸른터시장(기능상실),3
86,4,2130233,남문시장,76
87,4,2130232,독산동 맛나는거리상점가(독산동 맛나는거리),33
88,4,2130231,독산동 우시장,611
89,4,2130229,남구로시장,249
90,4,2130228,구로시장,10
91,4,2130227,고척골목시장상점가(그라운드 고척),97
92,4,2130226,고척프라자,2
93,4,2130225,개봉중앙시장,147
94,4,2130224,개봉프라자(고척근린시장),5
95,4,2130223,고척근린시장,42
96,4,2130222,오류시장,132
97,4,2130221,"남부골목시장(남부화곡시장, 남부시장)",188
98,4,2130219,까치산시장,124
99,4,2130218,신월중앙시장,118
100,4,2130217,화곡본동시장,36
101,4,2130216,화곡중앙시장,75
102,4,2130215,대원종합시장,9
103,4,2130214,송화벽화시장(송화골목시장),119
104,4,2130213,방신전통시장,112
105,4,2130212,공항시장,8
106,4,2130211,신정2동 골목시장(오목교중앙시장),51
107,4,2130210,목2동시장,432
108,4,2130209,목사랑시장(목4동시장),111
109,4,2130208,목동깨비시장(목3동시장),148
110,4,2130207,신정1동 골목시장(신정제일시장),38
111,4,2130206,신정3동 골목시장,20
112,4,2130205,신곡종합시장(신월6동 골목시장),141
113,4,2130204,경창시장,100
114,4,2130203,서서울 골목형상점가,34
115,4,2130202,신영시장,40
116,4,2130201,월정로시장,27
117,4,2130200,"신월7동 골목시장(약수시장, 우성상가)",27
118,4,2130199,신월3동 골목시장,18
119,4,2130198,아현시장,203
120,4,2130197,마포시장,15
121,4,2130196,공덕시장,3948
122,4,2130195,도화동 상점가,1055
123,4,2130194,용강동 상점가,875
124,4,2130193,신수시장,34
125,4,2130192,동진시장,10
126,4,2130191,홍대 걷고싶은 거리,367
127,4,2130190,홍대소상공인상점가,150
128,4,2130189,서교시장,24
129,4,2130187,영진시장,29
130,4,2130186,망원시장,178
131,4,2130185,망원월드컵시장,190
132,4,2130184,마포농수산물시장,77
133,4,2130183,상암동상점가,816
134,4,2130182,영천시장,78
135,4,2130181,아현가구거리상점가,59
136,4,2130180,포방터시장,59
137,4,2130179,"이화여대 3,5,7길 상점가",147
138,4,2130178,이대 앞 스타트업 상점가,32
139,4,2130177,인왕시장(홍제골목형상점가),44
140,4,2130176,유진상가,38
141,4,2130175,신촌 상인회(신촌상점가),13
142,4,2130173,백련시장,5
143,4,2130172,모래내시장(서중시장),41
144,4,2130171,불광먹자골목 골목형상점가,155
145,4,2130170,제일시장,58
146,4,2130169,대조시장,67
147,4,2130168,연서시장,242
148,4,2130167,연신내상점가(연빛거리),636
149,4,2130166,응암시장(신응암시장),17
150,4,2130165,"대림골목시장(대림시장, 양지시장)",214
151,4,2130164,역촌중앙시장,9
152,4,2130163,응암오거리상점가,182
153,4,2130162,증산골목시장,7
154,4,2130161,증산종합시장,8
155,4,2130160,수일시장,7
156,4,2130159,공릉동 도깨비시장,101
157,4,2130157,상계중앙시장,74
158,4,2130155,시영B상가(중계 그린아파트 B 상가),12
159,4,2130153,창동역상점가,229
160,4,2130152,오!도봉거리 상점가,61
161,4,2130151,신도봉시장,5
162,4,2130150,창동골목시장,84
163,4,2130149,창동신창시장,104
164,4,2130148,방학동도깨비시장,60
165,4,2130147,쌍문역동측상점가,69
166,4,2130146,쌍문시장(쌍문역골목시장),263
167,4,2130145,쌍문역둘리상점가,244
168,4,2130144,백운시장,38
169,4,2130143,방천골목시장,65
170,4,2130142,강북북부시장,7
171,4,2130141,강북북부골목시장,43
172,4,2130140,숭인시장,62
173,4,2130139,강북종합전통시장(강북종합골목시장),166
174,4,2130138,수유프라자,142
175,4,2130137,"수유전통시장(수유시장, 수유골목시장)",89
176,4,2130136,수유재래시장,29
177,4,2130135,수유중앙골목시장(수유중앙시장),24
178,4,2130134,"솔샘시장(미아6,7동골목시장)",73
179,4,2130133,우이골목시장(우이시장),69
180,4,2130132,삼양골목시장(삼양시장),57
181,4,2130131,동북프라자,121
182,4,2130130,수유북부골목시장,20
183,4,2130129,장미원골목시장,911
184,4,2130128,돌곶이시장(석관황금시장),191
185,4,2130126,새석관시장,3
186,4,2130125,장위전통시장,40
187,4,2130123,꿈의숲 장곡 골목형상점가,6
188,4,2130122,밤나무골시장,17
189,4,2130121,길음시장,91
190,4,2130120,돈암시장(돈암제일시장),99
191,4,2130119,정릉아리랑시장,15
192,4,2130118,정릉골 골목형상점가,67
193,4,2130117,정릉시장,119
194,4,2130116,동성타워프라자,31
195,4,2130115,우림골목시장,307
196,4,2130114,유영시장,31
197,4,2130113,신아타운,148
198,4,2130112,사가정시장,86
199,4,2130111,"동원전통종합시장(동원시장, 동원전통시장 상점가)",224
200,4,2130110,면목골목시장(면목시장),103
201,4,2130109,묵1동도깨비시장,47
202,4,2130108,태능엔터피아(태릉시장),3
203,4,2130107,중랑동부시장(중랑교종합상가),13
204,4,2130106,중랑동부시장,166
205,4,2130105,장미제일시장(중화동제일시장),63
206,4,2130104,전곡시장,93
207,4,2130103,이경시장,16
208,4,2130101,답십리현대시장,8
209,4,2130100,답십리시장,93
210,4,2130099,전농로터리시장,7
211,4,2130098,회기시장,55
212,4,2130097,답십리 건축자재시장,315
213,4,2130096,동부시장,14
214,4,2130095,청량리전통시장,95
215,4,2130094,청량리청과물시장,54
216,4,2130093,동서시장,5
217,4,2130092,청량리농수산물시장,12
218,4,2130091,청량종합도매시장,36
219,4,2130090,청량리종합시장,19
220,4,2130089,청량리수산시장,42
221,4,2130088,경동시장,126
222,4,2130087,경동광성상가(경동시장),28
223,4,2130086,서울약령시장,1184
224,4,2130085,용두시장,4
225,4,2130084,신성시장(신성골목시장),21
226,4,2130083,"중곡제일시장(중곡제일골목시장, 광성시장)",111
227,4,2130082,면곡골목시장,20
228,4,2130081,자양골목전통시장(자양골목시장),54
229,4,2130080,자양종합시장(기능상실),14
230,4,2130079,한아름시장,40
231,4,2130078,화양제일골목시장,65
232,4,2130077,조양시장,31
233,4,2130076,능동로골목시장,88
234,4,2130075,노룬산시장(노룬산골목시장),23
235,4,2130074,영동교골목시장,21
236,4,2130073,뚝도시장,45
237,4,2130072,성동용답상가시장,132
238,4,2130071,성수역 골목형상점가,335
239,4,2130070,뚝섬역상점가,1016
240,4,2130069,"한양대앞상점가(한양시장, 왕십리맛골목)",32
241,4,2130068,마장축산물시장,975
242,4,2130067,왕십리도선동상점가,1670
243,4,2130066,행당시장상점가,397
244,4,2130065,무학봉상점가,144
245,4,2130064,금남시장,36
246,4,2130063,신금호역 골목형상점가,30
247,4,2130062,보광시장,31
248,4,2130061,이태원시장,32
249,4,2130060,신흥시장,4
250,4,2130059,후암시장,64
251,4,2130058,이촌종합시장,109
252,4,2130057,만리시장,12
253,4,2130056,용산용문시장,65
254,4,2130055,"황학시장(서울중앙시장, 신중앙시장)",203
255,4,2130054,황학동주방가구거리상점가,374
256,4,2130053,백학시장,160
257,4,2130052,서울중앙시장(신중앙시장),479
258,4,2130051,동화동 골목형상점가,391
259,4,2130050,청평화시장,120
260,4,2130049,신당 미래유산 먹거리 골목형상점가,42
261,4,2130048,동평화시장,18
262,4,2130047,테크노상가(엘리시움),160
263,4,2130046,team204(팀204),20
264,4,2130045,광희패션몰,49
265,4,2130044,에리어식스(벨포스트),10
266,4,2130043,제일평화시장,43
267,4,2130042,약수시장,158
268,4,2130041,신평화패션타운(청계6가 지하도상가),28
269,4,2130040,남평화시장,5
270,4,2130039,청계6가 지하도상가,36
271,4,2130038,"평화시장(통일상가, 동화상가)",930
272,4,2130036,중부시장(신중부시장),3089
273,4,2130035,방산종합시장(방산시장),1190
274,4,2130034,필동 골목형상점가,14
275,4,2130033,대림상가(청계상가),169
276,4,2130032,인현시장,167
277,4,2130031,청계천공구상가,921
278,4,2130028,을지입구지하상가(을지로지하보도쇼핑센터),2
279,4,2130025,삼익패션타운(남대문시장),5494
280,4,2130024,남대문시장(자유상가),732
281,4,2130022,숭례문수입상가(남대문시장),1907
282,4,2130021,신설종합시장,50
283,4,2130020,동묘시장(동묘벼룩시장),407
284,4,2130019,동대문상가D동,28
285,4,2130018,동대문문구완구거리(동대문문구완구시장),215
286,4,2130017,동대문상가C동,12
287,4,2130016,동대문상가B동,2
288,4,2130015,창신골목시장,22
289,4,2130014,동문시장,3
290,4,2130012,"동대문종합시장(동대문종합시장 신관, 동대문종합시장D동상가)",1319
291,4,2130011,충신시장,88
292,4,2130010,종로신진시장,200
293,4,2130009,마전교지하쇼핑센터(구 한일상가),24
294,4,2130007,광장시장(광장전통시장),466
295,4,2130005,세운상가가동,137
296,4,2130004,낙원시장(낙원지하시장(대일상가)),364
297,4,2130002,세종마을음식문화거리(금천교시장),564
298,4,2130001,통인시장,59
299,4,2120249,고덕역,1359
300,4,2120248,명일역,860
301,4,2120247,굽은다리역,565
302,4,2120246,길동역,3399
303,4,2120245,둔촌역,1884
304,4,2120244,암사역,916
305,4,2120243,천호역,1353
306,4,2120242,강동구청역,4528
307,4,2120241,거여역,1197
308,4,2120240,개롱역,1609
309,4,2120239,오금역,4700
310,4,2120238,방이역,412
311,4,2120237,경찰병원역,8608
312,4,2120236,장지역(가든파이브),4622
313,4,2120235,문정역,907
314,4,2120234,가락시장역,10268
315,4,2120233,몽촌토성역,10357
316,4,2120232,송파나루역,1269
317,4,2120231,가락시장,5698
318,4,2120230,송파사거리(송파역),876
319,4,2120229,방이동먹자골목,7319
320,4,2120228,석촌역(석촌호수),4494
321,4,2120227,잠실역,45438
322,4,2120226,석촌고분역,2408
323,4,2120225,잠실새내역(신천),5750
324,4,2120224,수서역,12418
325,4,2120223,휘문고교사거리,9166
326,4,2120222,삼성역,43324
327,4,2120221,봉은사역,19513
328,4,2120220,대치역,5578
329,4,2120219,은마아파트,17161
330,4,2120218,코엑스,290
331,4,2120217,대치사거리,2779
332,4,2120216,경기고교사거리(경기고교앞사거리),4934
333,4,2120215,포스코사거리,61656
334,4,2120214,영동대교남단교차로,3990
335,4,2120213,삼성중앙역,8472
336,4,2120212,한티역,713
337,4,2120211,도성초등학교,984
338,4,2120210,선릉역,48780
339,4,2120209,"강남구청(청담역_8번, 강남세무서)",8984
340,4,2120208,청담사거리(청담동명품거리),10577
341,4,2120207,선정릉역,12151
342,4,2120206,개나리아파트,5280
343,4,2120205,매봉역,13950
344,4,2120204,르네상스호텔사거리,41471
345,4,2120203,강남구청역,7726
346,4,2120202,압구정로데오역(압구정로데오),11735
347,4,2120201,도곡1동,11559
348,4,2120200,학동사거리,9363
349,4,2120199,경복아파트교차로,3830
350,4,2120198,구역삼세무서,11531
351,4,2120197,역삼역,58694
352,4,2120196,서울세관,9687
353,4,2120195,성수대교남단,5611
354,4,2120194,언주역(차병원),12628
355,4,2120193,도산공원교차로,6384
356,4,2120192,뱅뱅사거리,27462
357,4,2120191,학동역,13862
358,4,2120190,강남을지병원,11703
359,4,2120189,강남역,72613
360,4,2120188,압구정역,8579
361,4,2120187,신논현역,13076
362,4,2120186,가로수길,6518
363,4,2120185,논현역,12764
364,4,2120184,포이사거리(삼호물산),10139
365,4,2120183,양재천카페거리,3558
366,4,2120182,"양재시민의숲역(양재동꽃시장, aT센터)",6144
367,4,2120181,교육개발원입구사거리,7278
368,4,2120180,양재화물트럭터미널앞,2562
369,4,2120179,양재역,21445
370,4,2120178,신사역,10933
371,4,2120177,신논현역 1번,694
372,4,2120176,논현역 4번,893
373,4,2120175,남부터미널역,8239
374,4,2120174,논현역 5번,682
375,4,2120173,교대역(법원.검찰청),18197
376,4,2120172,교대입구교차로,10241
377,4,2120171,서초3동사거리,11750
378,4,2120170,삼호가든사거리,2026
379,4,2120169,서초역,15771
380,4,2120168,서울고교교차로,569
381,4,2120167,고속터미널(고속터미널역),5078
382,4,2120166,방배역,5467
383,4,2120165,서래마을카페거리(서래마을),3467
384,4,2120164,내방역,8574
385,4,2120163,사당역 11번(사당역먹자골목),491
386,4,2120162,방배동카페골목,1253
387,4,2120161,방배동가구거리(사당동가구거리),2517
388,4,2120160,사당역(사당),9153
389,4,2120159,서울대입구역,1430
390,4,2120158,녹두거리(대학동),695
391,4,2120157,신림역(신림),593
392,4,2120156,"총신대입구역(이수, 총신대)",3255
393,4,2120155,총신대학교,111
394,4,2120154,장승배기역,479
395,4,2120153,노량진역(노량진),3699
396,4,2120152,신대방삼거리역,594
397,4,2120151,보라매공원,2417
398,4,2120150,63빌딩,7632
399,4,2120149,여의도역(여의도),69255
400,4,2120148,국회의사당역(국회의사당),31135
401,4,2120147,보라매역,1981
402,4,2120146,한강성심병원,5045
403,4,2120145,영등포역(영등포),3856
404,4,2120144,영중로,2015
405,4,2120143,당산역,2723
406,4,2120142,대림역,1559
407,4,2120141,영등포청과시장교차로,601
408,4,2120140,문래동주민센터,6162
409,4,2120139,대림3동사거리,3619
410,4,2120138,당산2동(영등포우체국),2754
411,4,2120137,문래역(문래로데오거리),50
412,4,2120136,영등포구청역,6617
413,4,2120135,양평역,5072
414,4,2120134,구로전화국,2014
415,4,2120133,서울시흥동우체국(홈플러스시흥점),142
416,4,2120132,독산동,4203
417,4,2120131,가산디지털단지,81100
418,4,2120130,구로디지털단지역,1136
419,4,2120129,구로디지털단지,47750
420,4,2120128,신도림역,1253
421,4,2120127,구로구청,5918
422,4,2120126,디지털단지오거리,135
423,4,2120125,구로역,9291
424,4,2120124,개봉동 현대아파트,461
425,4,2120123,오류동역,2120
426,4,2120122,강서구청,2137
427,4,2120121,까치산역,344
428,4,2120120,화곡역,927
429,4,2120119,발산역(마곡),1427
430,4,2120117,강서농산물도매시장,430
431,4,2120116,송정역,117
432,4,2120114,목동신시가지,13614
433,4,2120113,오목교역,628
434,4,2120112,등촌역,1633
435,4,2120111,목동사거리,1828
436,4,2120110,목동역 8번출구,1858
437,4,2120109,서울남부지방법원,608
438,4,2120108,신정네거리역,992
439,4,2120107,공덕역(공덕오거리),13077
440,4,2120106,마포역,11462
441,4,2120105,상수역(홍대),524
442,4,2120104,연남동(홍대),5955
443,4,2120103,홍대입구역(홍대),9580
444,4,2120102,서교동(홍대),7276
445,4,2120101,합정역,1932
446,4,2120100,망원역,900
447,4,2120099,월드컵경기장역(월드컵경기장),84
448,4,2120098,DMC(디지털미디어시티),8846
449,4,2120097,충정로역,2246
450,4,2120096,"이화여대(이대역, 이대)",470
451,4,2120095,홍제역,922
452,4,2120094,"신촌역(신촌역, 신촌로터리)",5355
453,4,2120093,연희동,661
454,4,2120092,불광역,274
455,4,2120091,본서부병원,516
456,4,2120090,연신내역,687
457,4,2120089,구파발역,1
458,4,2120088,구산역,799
459,4,2120087,응암역,441
460,4,2120086,태릉입구역,382
461,4,2120085,은행사거리,317
462,4,2120084,공릉역,712
463,4,2120083,등나무근린공원,1184
464,4,2120082,상계백병원,426
465,4,2120081,노원역,1552
466,4,2120080,마들역,180
467,4,2120079,창동역,1326
468,4,2120078,미아사거리역,145
469,4,2120077,미아역,218
470,4,2120076,수유역,1930
471,4,2120075,월곡역,369
472,4,2120074,안암역,59
473,4,2120073,미아사거리,353
474,4,2120072,성신여대,1048
475,4,2120071,성북구청,255
476,4,2120070,한성대입구역,466
477,4,2120069,상봉역,932
478,4,2120068,사가정역,145
479,4,2120067,장안동사거리,2587
480,4,2120066,장한평역(장한평),7424
481,4,2120065,회기역,326
482,4,2120064,경희대학교(경희대),97
483,4,2120063,청량리역(청량리),1182
484,4,2120062,신설동역,12641
485,4,2120061,올림픽대교북단,1094
486,4,2120060,강변역(테크노마트),3189
487,4,2120059,구삼강변맛길,3279
488,4,2120058,구의사거리,688
489,4,2120057,아차산역,2218
490,4,2120056,구의역,2200
491,4,2120055,군자역,4255
492,4,2120054,어린이대공원역,1243
493,4,2120053,건대입구역(건대),859
494,4,2120052,성수역,11387
495,4,2120051,뚝섬역,3944
496,4,2120050,서울숲역,212
497,4,2120049,왕십리역(왕십리),1459
498,4,2120048,금호역,80
499,4,2120047,한남오거리,2290
500,4,2120046,이태원(이태원역),2276
501,4,2120045,남영동 먹자골목,4044
502,4,2120044,삼각지역,1611
503,4,2120043,서울역,22578
504,4,2120042,"숙대입구역(남영역, 남영동)",4057
505,4,2120041,신용산역(용산역),16270
506,4,2120040,용산전자상가(용산역),8014
507,4,2120039,신당역,2321
508,4,2120038,약수역,2289
509,4,2120037,동대문역사문화공원역,35320
510,4,2120036,장충동족발거리(남소영길),2289
511,4,2120035,퇴계로5가,2257
512,4,2120034,중구청(퇴계로4가),1538
513,4,2120033,을지로4가역,874
514,4,2120032,충무로역,11403
515,4,2120031,을지로3가역,6147
516,4,2120030,중부경찰서(영화인의거리),11889
517,4,2120029,을지로2가,7461
518,4,2120028,명동(명동거리),12797
519,4,2120027,명동역(명동재미로),18097
520,4,2120026,을지로입구역,30610
521,4,2120025,롯데백화점(시청광장 지하쇼핑센터),22641
522,4,2120024,회현역,2167
523,4,2120023,서울시청,10242
524,4,2120022,북창동(시청역_6번),5197
525,4,2120021,시청역_8번,24117
526,4,2120020,시청역_1번,10375
527,4,2120019,경찰청앞교차로,5958
528,4,2120018,중림동,2187
529,4,2120017,동묘앞역(동묘),626
530,4,2120016,동대문역,193
531,4,2120015,종로6가,302
532,4,2120014,종로5가역,4887
533,4,2120013,이화사거리,7552
534,4,2120012,대학로(혜화역),2061
535,4,2120011,종로4가,2980
536,4,2120010,원남동사거리,4107
537,4,2120009,종로3가역,8495
538,4,2120008,인사동,22070
539,4,2120007,북촌(안국역),10172
540,4,2120006,종각역,33181
541,4,2120005,삼청동,3053
542,4,2120004,종로구청,12937
543,4,2120003,광화문역,44202
544,4,2120002,서촌(경복궁역),2008
545,4,2120001,서대문역,1510
546,4,2111090,강일동주민센터,91
547,4,2111089,상일여고(상일초등학교),758
548,4,2111088,고덕동성당,123
549,4,2111087,고덕중학교(고덕2동주민센터),197
550,4,2111086,한영중고,297
551,4,2111085,묘곡초등학교(고덕아이파크아파트),800
552,4,2111084,길동신동아아파트,169
553,4,2111083,GS강동자이아파트,411
554,4,2111082,중앙보훈병원,64
555,4,2111081,둔촌푸르지오아파트,78
556,4,2111080,굽은다리역 3번,434
557,4,2111079,둔촌고등학교(둔촌중학교),395
558,4,2111078,굽은다리역 4번,1728
559,4,2111077,길동주민센터(강동도서관),1272
560,4,2111076,둔촌2동주민센터,297
561,4,2111075,굽은다리역 2번,192
562,4,2111074,명일역 1번,148
563,4,2111073,둔촌동역 1번(한산중학교),973
564,4,2111072,굽은다리역 1번(십자성마을),739
565,4,2111071,천동초등학교,76
566,4,2111070,천호초등학교,127
567,4,2111069,천호1동주민센터,79
568,4,2111068,강동성심병원,1570
569,4,2111067,강동구립성내도서관,746
570,4,2111066,암사동성당(효정하나플러스아파트),395
571,4,2111065,천일초등학교,75
572,4,2111064,둔촌동역 4번,157
573,4,2111063,강동구립 천호도서관,368
574,4,2111062,둔촌동역 3번(성내3동주민센터),751
575,4,2111061,암사역 1번,831
576,4,2111060,암사역 2번(서울강동초등학교),871
577,4,2111059,강동역 4번(강풀만화거리),819
578,4,2111058,성내중학교,451
579,4,2111057,천호공원(해공체육문화센터),255
580,4,2111056,천호태영아파트,191
581,4,2111055,선사초등학교,673
582,4,2111054,암사역 4번(삼성광나루아파트),104
583,4,2111053,성내천어린이공원(하니사랑길),6288
584,4,2111052,암사역 3번(천호동자전거거리),357
585,4,2111051,천호역 6번,407
586,4,2111050,강동구청(강동구청역 2번),131
587,4,2111049,천호지구대(천호동자전거거리),507
588,4,2111048,천호역 1번(천호문구완구거리),189
589,4,2111047,마천1치안센터,111
590,4,2111046,마천역(마천초등학교),705
591,4,2111045,개미어린이공원,36
592,4,2111044,남천초등학교,557
593,4,2111043,마천공원,32
594,4,2111042,거여역 1번(거여공원),867
595,4,2111041,거여역 8번,428
596,4,2111040,거여초등학교,346
597,4,2111039,벌말어린이공원,485
598,4,2111038,보인중학교,416
599,4,2111037,Sh수협은행 오금동금융센터(아랫말어린이공원),373
600,4,2111036,투구봉어린이공원,209
601,4,2111035,오금공원(오주중학교),531
602,4,2111034,오동나무공원(송파레미니스1단지),1443
603,4,2111033,문정동성당,70
604,4,2111032,방이역 1번,3885
605,4,2111031,장지동주민센터(한림연예예술고교),3127
606,4,2111030,방이역 2번,665
607,4,2111029,오금역 4번,427
608,4,2111028,문현중학교(장지역 1번),424
609,4,2111027,문정초등학교,1403
610,4,2111026,문정역 2번,2304
611,4,2111025,경찰병원역 3번,686
612,4,2111024,경찰병원역 4번(건너말공원),240
613,4,2111023,문정역 1번,939
614,4,2111022,석촌중학교(방이육교),567
615,4,2111021,방이역 4번,7674
616,4,2111020,방이동고분군(방산고등학교),304
617,4,2111019,한성백제역 3번,1524
618,4,2111018,풍납초등학교(풍납백제문화공원),26
619,4,2111017,송파나루역 3번,688
620,4,2111016,송파역 2번,3803
621,4,2111015,석촌역 3번,1352
622,4,2111014,송파나루역 2번,525
623,4,2111013,송파나루역 1번(송리단길),2234
624,4,2111012,석촌역 6번,732
625,4,2111011,잠실나루역,9608
626,4,2111010,석촌역 7번,1428
627,4,2111009,송파책박물관,127
628,4,2111008,석촌고분역 3번,1600
629,4,2111007,석촌고분역 4번,936
630,4,2111006,석촌고분역 1번,1112
631,4,2111005,삼전역 3번,1865
632,4,2111004,삼전역 1번,2036
633,4,2111003,삼전역 4번,1991
634,4,2111002,한국교통안전공단 강남자동차검사소,317
635,4,2111001,아래방죽마을공원(율현초등학교),70
636,4,2111000,대왕초등학교(세곡동사거리서남측),39
637,4,2110999,윗방죽마을공원,268
638,4,2110998,은곡마을(은곡마을공원),23
639,4,2110997,대청초등학교,1724
640,4,2110996,대치2동주민센터,1959
641,4,2110995,봉은사역 4번,5085
642,4,2110994,개포고등학교,494
643,4,2110993,개포지하차도 북측,70
644,4,2110992,도곡초등학교,2179
645,4,2110991,삼성중앙역 5번,1246
646,4,2110990,청담역 12번,262
647,4,2110989,대치동아우편취급국,444
648,4,2110988,청담역 3번,1594
649,4,2110987,영동대교남단,473
650,4,2110986,삼성중앙역 7번,90
651,4,2110985,청담근린공원,1338
652,4,2110984,포이초등학교(개포목련어린이공원),1556
653,4,2110983,국립국악고등학교,783
654,4,2110982,강남구보훈회관,166
655,4,2110981,국악고교사거리,361
656,4,2110980,개포지구대옆,663
657,4,2110979,청담초등학교,2996
658,4,2110978,도곡2동주민센터(대치중학교),331
659,4,2110977,논현로18길,148
660,4,2110976,언북초등학교,578
661,4,2110975,매봉역 1번,10837
662,4,2110974,언주중학교,292
663,4,2110973,강남구청역 4번,1451
664,4,2110972,강남세브란스병원미래의학연구센터,2628
665,4,2110971,선정릉역 4번,1542
666,4,2110970,학동초등학교,378
667,4,2110969,베르사이유1아파트,1546
668,4,2110968,강남구청역 2번,1023
669,4,2110967,역삼역 8번,377
670,4,2110966,논현2동주민센터,1637
671,4,2110965,언주역 6번,1139
672,4,2110964,싸리고개근린공원,217
673,4,2110963,역삼월드메르디앙아파트,780
674,4,2110962,도산공원북측,557
675,4,2110961,언주역 3번,962
676,4,2110960,은광여고,1522
677,4,2110959,신구중학교,271
678,4,2110958,역삼역 4번,994
679,4,2110957,언북중학교,1251
680,4,2110956,언주역 8번,1199
681,4,2110955,논현초등학교,3430
682,4,2110954,국기원,636
683,4,2110953,학동근린공원,2487
684,4,2110952,논현목련공원,117
685,4,2110951,신사은행나무공원,273
686,4,2110950,논현역 7번,2981
687,4,2110949,한남IC,1683
688,4,2110947,청계산입구역 2번(내곡동주민센터),121
689,4,2110946,청계산원터골,48
690,4,2110945,본마을노인복지센터(서초구립내곡도서관),191
691,4,2110944,서울나래학교(염곡어린이공원),1053
692,4,2110943,법제교육센터(버들어린이공원),1122
693,4,2110942,염곡동 구룡사(포이동성당),3242
694,4,2110941,언남고등학교,261
695,4,2110940,양재근린공원(양재2동주민센터),1043
696,4,2110939,양재역 8번(양재동우체국),5945
697,4,2110938,바우뫼공원,1784
698,4,2110937,방아다리근린공원(횃불트리니티신학대학원대학교),2465
699,4,2110936,더케이호텔(양재리본타워2단지아파트),832
700,4,2110935,한전아트센터,379
701,4,2110934,우면주공아파트,998
702,4,2110933,한국상담대학원대학교,679
703,4,2110932,서울시인재개발원,532
704,4,2110931,삼성전자서울R&D(서울우면초등학교),100
705,4,2110930,서초동성당,2178
706,4,2110929,남부터미널역 1번,21130
707,4,2110928,서초우방유쉘아파트,596
708,4,2110927,잠원역,745
709,4,2110926,신중초등학교,1610
710,4,2110925,서초중학교,873
711,4,2110924,반포4동주민센터(몽마르뜨공원),1330
712,4,2110923,방배역 1번,210
713,4,2110922,내방역 1번,224
714,4,2110921,서울프랑스학교,522
715,4,2110920,방배역 2번(백석예술대학교),359
716,4,2110919,내방역 8번,1539
717,4,2110918,방배역 3번,682
718,4,2110917,서초소방서,1505
719,4,2110916,내방역 4번,1152
720,4,2110915,서래초등학교,2807
721,4,2110914,내방역 6번,146
722,4,2110913,방현초등학교(방배119안전센터),3305
723,4,2110912,방배동사이길,210
724,4,2110911,방배배수지체육공원,29
725,4,2110910,내방역 5번,614
726,4,2110909,남태령역(서울전자고등학교),132
727,4,2110908,구반포역,1525
728,4,2110907,방배초등학교,878
729,4,2110906,서문여고,683
730,4,2110905,방배노인종합복지관(이수중학교),287
731,4,2110904,이수역 5번,835
732,4,2110903,방배아이파크아파트,7222
733,4,2110902,사당역 4번,1201
734,4,2110901,인헌고등학교(인헌중학교),262
735,4,2110900,낙성대역 1번(관악구민 종합체육센터),457
736,4,2110899,낙성대역 5번(관악중학교),690
737,4,2110898,청림동주민센터(상도중학교),66
738,4,2110897,서울대입구역 8번,219
739,4,2110896,관악우성아파트,202
740,4,2110895,샤로수길,1796
741,4,2110894,관악동부센트레빌아파트(은천로35라길),20
742,4,2110893,관악소방서(문영여고),353
743,4,2110892,관악구 중앙길,709
744,4,2110891,구암초등학교,47
745,4,2110890,봉천역 1번(관악초등학교),261
746,4,2110889,봉천역 6번,376
747,4,2110888,청룡동주민센터,94
748,4,2110887,서울산업정보학교(서울삼성초등학교),19
749,4,2110886,관악해태어린이공원,188
750,4,2110885,영락고등학교,340
751,4,2110884,봉천역 4번(봉천110안전센터),372
752,4,2110883,은천초등학교(은천교앞),212
753,4,2110882,신성초등학교,733
754,4,2110881,구립대학경로당(관악산샘말공원),1601
755,4,2110880,신림역 1번,995
756,4,2110879,신림현대아파트,17
757,4,2110878,미림여고,368
758,4,2110877,신림역 8번,319
759,4,2110876,서원동주민센터(신관중학교),49
760,4,2110875,보라매동주민센터(당곡고등학교),16
761,4,2110874,원신초등학교(구세군관악영문교회),46
762,4,2110873,당곡중학교,343
763,4,2110872,신림초등학교,277
764,4,2110871,신원동주민센터,159
765,4,2110869,"신림역 5번(신림동주민센터, 신림동별빛거리)",1026
766,4,2110868,남부초등학교,232
767,4,2110867,국제신학대학원대학교(남서울중학교),202
768,4,2110866,난우중학교,171
769,4,2110865,남강고등학교(남강중학교),336
770,4,2110864,신림우방아파트,236
771,4,2110863,난우초등학교,319
772,4,2110862,난곡초등학교(난곡동벽화마을),84
773,4,2110861,관악구신사동주민센터,1182
774,4,2110860,호림박물관(성보고등학교),410
775,4,2110859,난향초등학교,182
776,4,2110858,신대방역 1번,66
777,4,2110857,미성동주민센터,431
778,4,2110856,미성초등학교,538
779,4,2110855,신대방역 2번,429
780,4,2110854,조원동주민센터,55
781,4,2110853,KT구로지사,213
782,4,2110852,이수역 9번,198
783,4,2110851,경문고등학교(동작동성당),485
784,4,2110850,사당역 10번,969
785,4,2110849,이수역 10번,220
786,4,2110848,양지어린이공원,486
787,4,2110847,예술인마을,460
788,4,2110846,남성역 1번,535
789,4,2110845,사당종합체육관,119
790,4,2110844,흑석2치안센터,7
791,4,2110843,사당5동주민센터,181
792,4,2110842,흑리단길,43
793,4,2110841,중대부중,88
794,4,2110840,중앙대학교,165
795,4,2110839,숭실대입구역 4번,187
796,4,2110838,상도1동주민센터앞,131
797,4,2110837,숭실대입구역 1번,373
798,4,2110836,상도역 5번,3057
799,4,2110835,상도역 1번,285
800,4,2110834,동작구자원봉사센터,38
801,4,2110833,상도역 2번,266
802,4,2110832,노량진초등학교,377
803,4,2110831,상도4동주민센터,72
804,4,2110830,상도초등학교,281
805,4,2110829,장승배기역 5번,536
806,4,2110828,노량진역 6번,3010
807,4,2110827,NH농협은행 상도동지점,262
808,4,2110826,장승배기역 4번,366
809,4,2110825,신대방삼거리역 1번,316
810,4,2110824,대방역 3번,296
811,4,2110823,신대방삼거리역 3번,472
812,4,2110822,신대방삼거리역 4번(대림초등학교),311
813,4,2110821,보라매역 2번,595
814,4,2110820,성남고등학교,3101
815,4,2110819,신대방역 4번,510
816,4,2110818,신대방역 3번,20
817,4,2110817,대방역 4번,286
818,4,2110816,대방역 6번,521
819,4,2110815,공군호텔,2240
820,4,2110814,서울지방병무청,673
821,4,2110813,보라매역 6번,286
822,4,2110812,신길6동주민센터,363
823,4,2110811,보라매역 4번,187
824,4,2110810,영신초등학교,395
825,4,2110809,장훈고등학교,112
826,4,2110808,신길역 1번,67
827,4,2110807,신길역 3번,102
828,4,2110806,서울시립영등포장애인복지관,76
829,4,2110805,신길새마을금고신길4동지점,45
830,4,2110804,신풍역 1번,312
831,4,2110803,신길2동우편취급국,304
832,4,2110802,신길동홍어거리,336
833,4,2110800,영등포동성당,227
834,4,2110799,영등포본동주민센터,119
835,4,2110798,신풍역 2번,53
836,4,2110797,KT대방빌딩,52
837,4,2110796,한림대학교한강성심병원,87
838,4,2110795,도림초등학교,533
839,4,2110794,영동초등학교,632
840,4,2110792,영등포역 2번,3400
841,4,2110791,신풍역 3번,25
842,4,2110790,대림1동주민센터,739
843,4,2110789,대림성모병원,491
844,4,2110788,영등포시장역 3번,28
845,4,2110787,신길3동주민센터,171
846,4,2110786,당산역 8번,271
847,4,2110785,영등포푸르지오아파트,161
848,4,2110784,신대림초등학교,76
849,4,2110783,영등포시장역 1번,292
850,4,2110782,영등포시장역 4번,127
851,4,2110781,대림한신아파트,182
852,4,2110780,신길대성유니드아파트,223
853,4,2110779,대림갑을명가아파트,33
854,4,2110778,구로디지털단지역 4번,1615
855,4,2110777,구로세무서,282
856,4,2110776,도신초등학교,168
857,4,2110775,대동초등학교,61
858,4,2110774,당산반도유보라팰리스아파트,472
859,4,2110773,당산역 13번,272
860,4,2110772,신우어린이공원,94
861,4,2110771,대림역 11번,955
862,4,2110770,영등포구청역 6번,263
863,4,2110769,대림차이나타운(대림역 12번),18
864,4,2110768,도림2동유수지내체육시설,294
865,4,2110767,도림동주민센터,34
866,4,2110766,대림역 5번,360
867,4,2110765,문래동사거리,889
868,4,2110764,문래역 3번,541
869,4,2110763,영등포구청역 2번,480
870,4,2110762,선유도역 1번,3139
871,4,2110761,문래동남성맨션,180
872,4,2110760,선유도역 6번,1792
873,4,2110759,문래예술촌(문래창작촌),4221
874,4,2110758,문래소공원,296
875,4,2110757,양평역 2번,1501
876,4,2110756,문래중학교,275
877,4,2110755,동일여자고등학교,199
878,4,2110754,삼성산자연공원(서울금천초등학교),199
879,4,2110753,시흥동 은행나무사거리,617
880,4,2110752,한울중학교,269
881,4,2110751,난곡중학교,730
882,4,2110750,시흥4동주민센터(서울신흥초등학교),397
883,4,2110749,금산초등학교(금천고등학교),448
884,4,2110748,백산초등학교,102
885,4,2110747,석수역 1번 출입구,823
886,4,2110746,금천금빛공원(은행나무사거리서측),70
887,4,2110745,독산동정훈단지,251
888,4,2110744,독산동성당,531
889,4,2110743,시흥초등학교(시흥1동우체국),191
890,4,2110742,KT금천빌딩(금천구시설관리공단),426
891,4,2110741,독산2동주민센터,444
892,4,2110740,금천해태공원,650
893,4,2110739,시흥3동 우편취급국,1558
894,4,2110738,문성초등학교,249
895,4,2110737,금천세무서,506
896,4,2110736,독산119안전센터,450
897,4,2110735,말미고개,520
898,4,2110734,금천파출소,92
899,4,2110733,금천어울림복지센터,374
900,4,2110732,가산초등학교(세일중학교),338
901,4,2110731,금천구청역 1번 출입구,1041
902,4,2110730,서울축산농협 독산역지점(독산파출소),660
903,4,2110729,가산동우체국,151
904,4,2110728,두산초등학교,4560
905,4,2110727,독산역 1번 출입구,659
906,4,2110726,금천철쭉어린이공원(금하마을),222
907,4,2110725,가산동주민센터,85
908,4,2110724,금천구립가산도서관,366
909,4,2110723,가산디지털단지역 1번 출입구,286
910,4,2110722,G타워,1221
911,4,2110721,가리봉파출소,215
912,4,2110720,대림역 2번,158
913,4,2110719,영서중학교,52
914,4,2110718,한국SGI본부,1614
915,4,2110717,남구로역 2번,570
916,4,2110716,구로나눔길,666
917,4,2110715,구로구민회관,93
918,4,2110714,구로4동주민센터,271
919,4,2110713,구로보건소,2668
920,4,2110712,남구로역 5번,233
921,4,2110711,구로초등학교,818
922,4,2110710,남구로역 3번,606
923,4,2110709,구로119안전센터,162
924,4,2110708,화원어린이공원,64
925,4,2110707,구로창업지원센터,1045
926,4,2110706,그라운드 고척,410
927,4,2110705,고산초등학교,33
928,4,2110704,고척중학교,62
929,4,2110703,개봉역,569
930,4,2110702,개봉초등학교,131
931,4,2110701,고척동성당,567
932,4,2110700,고척초등학교,3249
933,4,2110699,덕의초등학교,150
934,4,2110698,개웅초등학교(개웅중학교),279
935,4,2110697,개봉3동주민센터,244
936,4,2110696,오류동역 1번,2453
937,4,2110695,개봉1동주민센터,546
938,4,2110694,세곡초등학교,445
939,4,2110693,오류동역 4번,17
940,4,2110692,큰굴다리,233
941,4,2110691,개봉중학교,395
942,4,2110690,오류2동버들시장,625
943,4,2110689,오류동역 3번,259
944,4,2110688,오류지구대,171
945,4,2110687,"천왕역 3번(오류2동주민센터, 서울오류남초등학교)",21
946,4,2110686,수궁동주민센터,490
947,4,2110685,금강수목원아파트,181
948,4,2110684,서울공연예술고등학교,157
949,4,2110683,오류고등학교,185
950,4,2110682,온수역 8번,137
951,4,2110681,온수역 1번,152
952,4,2110680,온수역 5번(온수산업단지),1184
953,4,2110679,염창역 2번,578
954,4,2110678,염창무학아파트,242
955,4,2110677,등촌역 1번,410
956,4,2110676,등촌역 7번,237
957,4,2110675,화곡4동주민센터,289
958,4,2110674,강서구청가양동별관,491
959,4,2110673,뜸부기어린이공원,253
960,4,2110672,백석중학교,155
961,4,2110671,등촌1동주민센터,5012
962,4,2110670,신곡초등학교,527
963,4,2110669,화곡보람2차아파트,80
964,4,2110668,화곡2동주민센터,471
965,4,2110667,가양역 10번,177
966,4,2110666,KC대학교,257
967,4,2110665,곰달래도서관,469
968,4,2110664,강서구청옆,111
969,4,2110663,우장산롯데캐슬아파트앞,316
970,4,2110662,까치산역 1번,1480
971,4,2110661,강서새말어린이공원,126
972,4,2110660,등촌3동주민센터,4614
973,4,2110659,화곡역 4번,867
974,4,2110658,화곡초등학교,253
975,4,2110657,양천향교역 5번,3180
976,4,2110656,까치산역 3번,838
977,4,2110655,발산역 5번,587
978,4,2110654,까치산역 4번,1021
979,4,2110653,화곡역 2번,910
980,4,2110652,양천향교역 2번,643
981,4,2110651,화원중학교,377
982,4,2110650,우장산힐스테이트,146
983,4,2110649,우장산역 1번,366
984,4,2110648,양천향교역 7번,13
985,4,2110647,화곡역 5번,890
986,4,2110646,푸른들청소년도서관,782
987,4,2110645,우장산역 4번,794
988,4,2110644,신광명마을,333
989,4,2110643,강서구다솔마을,653
990,4,2110642,정곡초등학교,193
991,4,2110641,공항고등학교,345
992,4,2110640,방화역 1번,1019
993,4,2110639,신방화역 8번,523
994,4,2110638,신방화역 2번,372
995,4,2110637,송정역 2번,540
996,4,2110636,방화역 2번,152
997,4,2110635,공항시장역 3번,1482
998,4,2110634,송정역 3번,664
999,4,2110633,개화산역 1번,115
1000,4,2110632,방화역 3번,1075
1001,4,2110631,방화초등학교,359
1002,4,2110630,공항시장역 1번,1472
1003,4,2110629,송정역 4번,190
1004,4,2110628,신목동역,496
1005,4,2110627,신정롯데캐슬아파트,512
1006,4,2110626,양화초등학교,652
1007,4,2110625,신정2동주민센터,726
1008,4,2110624,목동문화체육센터,382
1009,4,2110623,갈산공원,118
1010,4,2110622,달마을공원,458
1011,4,2110621,목동역 5번,111
1012,4,2110620,목동보건지소,451
1013,4,2110619,목4동주민센터,311
1014,4,2110618,강서고등학교,193
1015,4,2110617,등촌역 4번,274
1016,4,2110616,양목초등학교,161
1017,4,2110615,신서초등학교,87
1018,4,2110614,목동로데오거리,596
1019,4,2110613,신정네거리역 4번,80
1020,4,2110612,신정역 5번,644
1021,4,2110611,신정역 1번,316
1022,4,2110610,계남근린공원,126
1023,4,2110609,신정네거리역 2번,1377
1024,4,2110608,신월2동주민센터,873
1025,4,2110607,금빛새마을금고본점,53
1026,4,2110606,신한은행 신월동지점,521
1027,4,2110605,목동센트럴아이파크앞,155
1028,4,2110604,신월4동주민센터,637
1029,4,2110603,지향초등학교,205
1030,4,2110602,신월시영아파트중문,644
1031,4,2110601,신월1동우편취급국,1200
1032,4,2110600,신월7동주민센터,350
1033,4,2110599,신월1파출소,378
1034,4,2110598,신월문화체육센터,428
1035,4,2110597,신월1동주민센터,517
1036,4,2110596,서서울호수공원,417
1037,4,2110595,메디힐병원,731
1038,4,2110594,신월중학교,453
1039,4,2110593,신월3동주민센터,304
1040,4,2110592,서울금융고등학교,449
1041,4,2110591,충정로역 6번,627
1042,4,2110590,만리재,97
1043,4,2110589,애오개역 3번,58
1044,4,2110588,한겨레신문사,169
1045,4,2110587,공덕동주민센터,238
1046,4,2110586,서울서부지방법원,1461
1047,4,2110585,마포경찰서,918
1048,4,2110584,아현역 4번,49
1049,4,2110583,공덕래미안3차아파트,316
1050,4,2110582,이대역 5번,59
1051,4,2110581,염리초등학교,16
1052,4,2110580,양원초등학교,78
1053,4,2110579,마포역 4번,758
1054,4,2110578,대흥역 2번,2091
1055,4,2110577,용강동주민센터,145
1056,4,2110576,대흥역 3번,1605
1057,4,2110575,대흥동주민센터,206
1058,4,2110574,서강대학교,173
1059,4,2110573,신촌역 6번,33
1060,4,2110572,서강대역 1번,470
1061,4,2110571,신수동주민센터,635
1062,4,2110570,KB국민은행 서강지점,61
1063,4,2110569,홍대땡땡거리,358
1064,4,2110568,광흥창역 1번,67
1065,4,2110567,광흥창역 6번,91
1066,4,2110566,경의선책거리,1690
1067,4,2110565,홍익대,107
1068,4,2110564,홍대입구역 3번,471
1069,4,2110563,상수역 3번,355
1070,4,2110562,연트럴파크(연남동주민센터),426
1071,4,2110561,상수역 4번,395
1072,4,2110560,마포FM,292
1073,4,2110559,성산중학교,757
1074,4,2110558,경성고등학교,2338
1075,4,2110557,홍대부속여중고앞,760
1076,4,2110556,절두산순교성지,176
1077,4,2110555,홍익지구대,335
1078,4,2110554,망원역 1번,1499
1079,4,2110553,가좌역 2번,257
1080,4,2110552,성미산체육관,646
1081,4,2110551,성서초등학교,803
1082,4,2110550,합정역 8번,1578
1083,4,2110549,새터산,283
1084,4,2110548,마포구청역 4번,795
1085,4,2110547,KB국민은행 망원동지점,284
1086,4,2110546,양화대교북단,684
1087,4,2110545,마포구청역 1번,880
1088,4,2110544,망리단길,1203
1089,4,2110543,중암중학교,38
1090,4,2110542,마포구청역 7번,4013
1091,4,2110541,동교초등학교,377
1092,4,2110540,망원나들목체육관,288
1093,4,2110539,미근동,2792
1094,4,2110538,충정로역 3번,284
1095,4,2110537,충정로현대아파트,1514
1096,4,2110536,돈의문센트레빌아파트입구,141
1097,4,2110535,영천시장입구,797
1098,4,2110534,경기대학교,134
1099,4,2110533,충정로역 7번,22
1100,4,2110532,아현역 2번,330
1101,4,2110531,홍지문,141
1102,4,2110530,아현역 1번,36
1103,4,2110529,홍제3동주민센터,136
1104,4,2110528,서울여자간호대학교,309
1105,4,2110527,홍제역 2번,177
1106,4,2110526,봉원사,241
1107,4,2110525,홍은종합사회복지관,61
1108,4,2110524,연희세브란스병원,55
1109,4,2110523,홍제성원아파트,25
1110,4,2110522,홍제역 3번,8
1111,4,2110521,홍제역 4번,63
1112,4,2110520,경의중앙 신촌역,78
1113,4,2110519,서대문구보건소별관,470
1114,4,2110518,서대문구청,117
1115,4,2110517,서대문소방서,1051
1116,4,2110516,정원여중,114
1117,4,2110515,홍은중학교,399
1118,4,2110514,서대문우체국,86
1119,4,2110513,연희파출소,457
1120,4,2110512,연희지하차도,357
1121,4,2110511,연희초등학교,3766
1122,4,2110510,홍연시장,99
1123,4,2110509,연희대우아파트앞,691
1124,4,2110508,서연중학교,1028
1125,4,2110507,명지대학교,1537
1126,4,2110506,연희임광아파트,110
1127,4,2110505,홍남교남측,14
1128,4,2110504,명지전문대,139
1129,4,2110503,명지대학교교회,230
1130,4,2110502,남가좌파출소,290
1131,4,2110501,연희어린이공원,214
1132,4,2110500,남가좌동현대아파트,74
1133,4,2110499,연가초등학교,282
1134,4,2110498,증산역 1번,222
1135,4,2110497,가좌역 3번,299
1136,4,2110496,모래내우체국,611
1137,4,2110495,북가좌2동주민센터,501
1138,4,2110494,증산3교남측,31
1139,4,2110493,북가좌초등학교,892
1140,4,2110492,하나고등학교,247
1141,4,2110491,불광중학교,195
1142,4,2110490,녹번동근린공원,307
1143,4,2110489,불광역 3번,35
1144,4,2110488,우리은행응암동지점,171
1145,4,2110487,불광역 8번,63
1146,4,2110486,은평구청,629
1147,4,2110485,연신내우체국,1259
1148,4,2110484,역촌역 3번,500
1149,4,2110483,연천초등학교,147
1150,4,2110482,연신초등학교,45
1151,4,2110481,불광역 7번,193
1152,4,2110480,연신내역 3번,117
1153,4,2110479,연신내역 2번,304
1154,4,2110478,응암1동주민센터,359
1155,4,2110477,은평세무서,434
1156,4,2110476,역촌역 2번,56
1157,4,2110475,백련산해모로아파트,241
1158,4,2110474,세명컴퓨터고등학교,196
1159,4,2110473,구산역 1번,436
1160,4,2110472,연신내역 4번,336
1161,4,2110471,응암동우체국,258
1162,4,2110470,신진과학기술고등학교,127
1163,4,2110469,응암정보도서관,340
1164,4,2110468,응암역 3번,1129
1165,4,2110467,은평요양병원,487
1166,4,2110466,구산역 2번,87
1167,4,2110465,연신내역 7번,229
1168,4,2110464,연신내역 5번,301
1169,4,2110463,응암3동주민센터,123
1170,4,2110462,갈현건영아파트,354
1171,4,2110461,새절역 2번,39
1172,4,2110460,구산역 4번,969
1173,4,2110459,응암역 2번,547
1174,4,2110458,선일여고,404
1175,4,2110457,예일여고,484
1176,4,2110456,구산보건지소,966
1177,4,2110455,역촌노인복지관,678
1178,4,2110454,선정중학교,481
1179,4,2110453,신사1동주민센터,515
1180,4,2110452,새절역 3번,420
1181,4,2110451,증산역 4번,1296
1182,4,2110450,시립서북병원,1576
1183,4,2110449,증산역 3번,717
1184,4,2110448,상신초등학교입구,120
1185,4,2110447,구산초등학교,12
1186,4,2110446,내를건너서숲으로도서관,375
1187,4,2110445,덕산중학교,61
1188,4,2110444,수색성당,170
1189,4,2110443,수색역 1번,14
1190,4,2110442,화랑대철도공원,76
1191,4,2110441,영신여고,172
1192,4,2110440,상계3동4동주민센터,49
1193,4,2110439,당고개역 5번,63
1194,4,2110438,경춘선숲길 우측,230
1195,4,2110437,당고개역 2번,116
1196,4,2110436,상계제일중학교,93
1197,4,2110435,서울과학기술대,73
1198,4,2110434,태릉입구역 4번,121
1199,4,2110433,공릉역 2번,401
1200,4,2110432,대진고등학교,894
1201,4,2110431,상계역,124
1202,4,2110430,중계초등학교,307
1203,4,2110429,공릉동 국수거리,2074
1204,4,2110428,상계5동주민센터,491
1205,4,2110427,노원 을지대학교병원,363
1206,4,2110426,상계2동주민센터,337
1207,4,2110425,계상초등학교,130
1208,4,2110424,상계초등학교,388
1209,4,2110423,석계역 2번,280
1210,4,2110422,노원역 9번,277
1211,4,2110421,석계역 1번,249
1212,4,2110420,광운대역 1번,814
1213,4,2110419,수락산디자인거리,789
1214,4,2110418,광운대학교 남단,100
1215,4,2110417,월계역 3번,26
1216,4,2110416,노원초등학교,468
1217,4,2110415,수락산역 4번,635
1218,4,2110414,장석교회,61
1219,4,2110413,누원고등학교,54
1220,4,2110412,창동중학교,25
1221,4,2110411,도봉역 3번,413
1222,4,2110410,방학역 2번,957
1223,4,2110409,창동역 2번,3957
1224,4,2110408,가인초등학교,359
1225,4,2110407,도봉역 2번,562
1226,4,2110406,도봉산역 1번,659
1227,4,2110405,방학역 1번,1123
1228,4,2110404,신창초등학교,520
1229,4,2110403,방학1동주민센터,316
1230,4,2110402,도봉구 정병원,471
1231,4,2110401,도봉구민회관,243
1232,4,2110400,도봉구보건소,191
1233,4,2110399,창2동주민센터,852
1234,4,2110398,쌍문2동우체국,474
1235,4,2110397,도봉산입구,469
1236,4,2110396,쌍문역1번(쌍리단길),259
1237,4,2110395,신한은행 방학동지점,163
1238,4,2110394,방학중학교,193
1239,4,2110393,국민은행방학지점,49
1240,4,2110392,발바닥공원,43
1241,4,2110391,샘말어린이공원,373
1242,4,2110390,방학초등학교,225
1243,4,2110389,한일병원,209
1244,4,2110388,도봉우체국,35
1245,4,2110387,쌍문초등학교,335
1246,4,2110386,연산군묘,124
1247,4,2110385,효문고등학교,37
1248,4,2110384,문이교,248
1249,4,2110383,덕성여대시반거리,33
1250,4,2110382,솔밭공원역 1번,32
1251,4,2110381,번동주공2단지,171
1252,4,2110380,강북문화정보도서관,48
1253,4,2110379,KT&G 북부지사,12
1254,4,2110378,송중동주민센터,23
1255,4,2110377,미아사거리역 3번,21
1256,4,2110376,수송초등학교,224
1257,4,2110375,서울북부고용노동지청,178
1258,4,2110374,송중초등학교,491
1259,4,2110373,수유역 2번,891
1260,4,2110372,강북중학교,188
1261,4,2110371,삼양입구사거리,49
1262,4,2110370,도봉세무서,367
1263,4,2110369,성신여대운정그린캠퍼스,518
1264,4,2110368,송천초등학교,196
1265,4,2110367,강북구청,1943
1266,4,2110366,광산사거리,91
1267,4,2110365,미아역 5번,341
1268,4,2110364,미아역 8번,146
1269,4,2110363,송천동주민센터,19
1270,4,2110362,우이천 계성교,205
1271,4,2110361,삼양사거리역 1번,101
1272,4,2110360,수유초등학교,321
1273,4,2110359,수유시장옆,117
1274,4,2110358,인수동 우편취급국,558
1275,4,2110357,가오리역 1번,725
1276,4,2110356,덕수교,228
1277,4,2110355,삼양사거리역 2번,306
1278,4,2110354,삼각산119안전센터,22
1279,4,2110353,수유동우체국,187
1280,4,2110352,수유1동주민센터,305
1281,4,2110351,수유북부시장옆,214
1282,4,2110350,가오리역 2번,148
1283,4,2110349,화계역 2번,83
1284,4,2110348,강북문화예술회관,343
1285,4,2110347,구세군강북종합사회복지관,38
1286,4,2110346,4.19민주묘지역 2번,96
1287,4,2110345,솔밭공원역 2번,117
1288,4,2110344,화계중학교,12
1289,4,2110343,무너미어린이공원,100
1290,4,2110342,국립재활원,59
1291,4,2110341,북한산우이역 2번,492
1292,4,2110340,인수중학교,176
1293,4,2110339,국립4.19민주묘지,26
1294,4,2110338,인수초등학교,190
1295,4,2110337,아카데미하우스,512
1296,4,2110336,석관고등학교,94
1297,4,2110335,석계역 7번,249
1298,4,2110334,석관중앙교회,170
1299,4,2110333,돌곶이역 5번,988
1300,4,2110332,돌곶이역 3번,164
1301,4,2110331,돌곶이역 8번,436
1302,4,2110330,돌곶이역 1번,220
1303,4,2110329,우리은행체육관,53
1304,4,2110328,상월곡역 3번,250
1305,4,2110327,상월곡역 2번,104
1306,4,2110326,장위동성당,84
1307,4,2110325,장곡초등학교,62
1308,4,2110324,월곡역 4번,99
1309,4,2110323,상월곡역 1번,109
1310,4,2110322,장위1동주민센터,237
1311,4,2110321,동덕여대,43
1312,4,2110320,KB국민은행 종암동지점,72
1313,4,2110319,종암동주민센터,277
1314,4,2110318,KT월곡지사,148
1315,4,2110317,종암중학교,412
1316,4,2110316,숭곡초등학교,439
1317,4,2110315,종암아이파크2차,124
1318,4,2110314,종암경찰서,953
1319,4,2110313,안암역 3번,2079
1320,4,2110312,안암역 2번,175
1321,4,2110311,종암아이파크2차후문,49
1322,4,2110310,길음역 10번,45
1323,4,2110309,대광초등학교,354
1324,4,2110308,길음역 8번,174
1325,4,2110307,길음역 7번,158
1326,4,2110306,미아초등학교,291
1327,4,2110305,보문역 5번,883
1328,4,2110304,보문역 4번,248
1329,4,2110303,성신여대입구역 1번,138
1330,4,2110302,보문역 8번,3818
1331,4,2110301,성신여대입구역 7번,484
1332,4,2110300,삼선동주민센터,2735
1333,4,2110299,정릉역 1번,372
1334,4,2110298,솔숲어린이공원,77
1335,4,2110297,경동고등학교,654
1336,4,2110296,성신여대입구역 4번,77
1337,4,2110295,정릉우체국,679
1338,4,2110294,서경대학교,391
1339,4,2110293,삼선중학교,1730
1340,4,2110292,정릉역 2번,43
1341,4,2110291,한성대입구역 3번,345
1342,4,2110290,북한산보국문역 1번,96
1343,4,2110289,북한산보국문역 2번,144
1344,4,2110288,동구여중,216
1345,4,2110287,정릉3동주민센터,70
1346,4,2110286,한성대입구역 5번,978
1347,4,2110285,홍대부중,814
1348,4,2110284,정릉북한산국립공원입구,644
1349,4,2110283,성북초등학교앞,203
1350,4,2110282,국민대학교앞,1403
1351,4,2110281,길상사,13811
1352,4,2110280,북정마을,78
1353,4,2110279,신내역 2번,9
1354,4,2110278,망우본동주민센터,279
1355,4,2110277,러스크서울병원,178
1356,4,2110276,신내IC북측,39
1357,4,2110275,하나은행 망우동지점,63
1358,4,2110274,서일대학교,552
1359,4,2110273,장스여성병원,610
1360,4,2110272,신내1동주민센터,471
1361,4,2110271,신내역 1번,97
1362,4,2110270,혜원여고,168
1363,4,2110269,용마문화복지센터,169
1364,4,2110268,망우3동주민센터,60
1365,4,2110267,망우역 2번,139
1366,4,2110266,면목동우체국,225
1367,4,2110265,망우역 1번,198
1368,4,2110264,면목역 2번,358
1369,4,2110263,면목역 1번,128
1370,4,2110262,상봉역 3번,1532
1371,4,2110261,사가정역 4번,167
1372,4,2110260,면목역 3번,126
1373,4,2110259,사가정역 1번,543
1374,4,2110258,면동초등학교,260
1375,4,2110257,상봉역 7번,397
1376,4,2110256,면목2동체육관,477
1377,4,2110255,상봉역 4번,327
1378,4,2110254,오거리공원,257
1379,4,2110253,중곡초등학교,181
1380,4,2110252,장안제일시장,712
1381,4,2110251,장안중학교,147
1382,4,2110250,화랑대역 7번,111
1383,4,2110249,중화역 1번,783
1384,4,2110248,먹골파출소,85
1385,4,2110247,먹골역 1번,377
1386,4,2110246,월드순복음교회,431
1387,4,2110245,KB국민은행 중화동지점,108
1388,4,2110244,중화역 4번,250
1389,4,2110243,중랑노인종합복지관,317
1390,4,2110242,면목5동주민센터,164
1391,4,2110241,먹골역 5번,415
1392,4,2110240,태릉시장 특화거리,97
1393,4,2110238,배꽃어린이공원,66
1394,4,2110237,메가박스 상봉,274
1395,4,2110236,신묵초등학교,1015
1396,4,2110235,세화어린이공원,17
1397,4,2110234,중랑역 4번,96
1398,4,2110233,중랑역 1번,142
1399,4,2110232,동대부고,579
1400,4,2110231,장안교,11
1401,4,2110230,장안현대홈타운1차아파트,161
1402,4,2110229,장평중학교,1339
1403,4,2110228,장안근린공원,1992
1404,4,2110227,답십리공원,216
1405,4,2110226,장안1동주민센터,1882
1406,4,2110225,촬영소사거리,330
1407,4,2110224,외대앞역 2번,95
1408,4,2110223,군자초등학교,94
1409,4,2110222,회기역 2번,20
1410,4,2110221,의릉,95
1411,4,2110220,외대앞역 1번,190
1412,4,2110219,삼육보건대학교,249
1413,4,2110218,답십리사거리,158
1414,4,2110217,자동차부품상가,503
1415,4,2110216,전농중학교,208
1416,4,2110215,회기역 1번,28
1417,4,2110214,경희대후문,86
1418,4,2110213,청량초등학교,124
1419,4,2110212,답십리초등학교,204
1420,4,2110211,전곡마을마당공원,626
1421,4,2110210,서울시립대,341
1422,4,2110209,답십리 장령당공원,81
1423,4,2110208,시조사삼거리,75
1424,4,2110207,시립대앞사거리,50
1425,4,2110206,텃골근린공원,81
1426,4,2110205,경희대삼거리,82
1427,4,2110204,간데메공원,411
1428,4,2110203,떡전교사거리,99
1429,4,2110202,전농1동주민센터(전농시장),111
1430,4,2110201,전농119안전센터,27
1431,4,2110200,동대문경찰서,74
1432,4,2110199,홍릉시장,65
1433,4,2110198,동대문중앙새마을금고본점,67
1434,4,2110197,세종대왕기념관교차로,67
1435,4,2110196,홍릉근린공원,23
1436,4,2110195,동대문구청,221
1437,4,2110194,홍파초등학교,112
1438,4,2110193,고려대역 4번,48
1439,4,2110192,동의보감타워,70
1440,4,2110191,고려대역 6번,48
1441,4,2110190,고대앞사거리,195
1442,4,2110189,제기동역 1번,1545
1443,4,2110188,용두동신동아아파트,807
1444,4,2110187,제기동역 6번,3124
1445,4,2110186,종암초등학교,94
1446,4,2110185,용두초등학교,122
1447,4,2110184,용두사거리,423
1448,4,2110183,한국의류시험연구원,833
1449,4,2110182,용두희망어린이공원,370
1450,4,2110181,신설동역 9번,1864
1451,4,2110180,광진정보도서관,5946
1452,4,2110179,광나루역 1번,911
1453,4,2110178,장로회신학대학교,194
1454,4,2110177,동의초등학교,135
1455,4,2110176,해오름공원,758
1456,4,2110175,푸른동산공원,370
1457,4,2110174,아차산역 1번,432
1458,4,2110173,구남초등학교,195
1459,4,2110172,광진초등학교,351
1460,4,2110171,중곡4동주민센터,59
1461,4,2110170,동대부여고,189
1462,4,2110169,성동초등학교,221
1463,4,2110168,대원고등학교,688
1464,4,2110167,용마초등학교,376
1465,4,2110166,구의1동주민센터,552
1466,4,2110165,국립정신건강센터,287
1467,4,2110164,아차산역 5번,731
1468,4,2110163,성자초등학교,272
1469,4,2110162,군자역 4번,613
1470,4,2110161,중곡역 3번,236
1471,4,2110160,광진경찰서,832
1472,4,2110159,구의역 4번,663
1473,4,2110158,중곡3동주민센터,715
1474,4,2110157,자양동우체국,1097
1475,4,2110156,군자역 5번,624
1476,4,2110155,광진구청,8356
1477,4,2110154,광진정말공원,307
1478,4,2110153,중곡1동주민센터,241
1479,4,2110152,중곡어린이공원,338
1480,4,2110151,자양한강도서관,249
1481,4,2110150,중곡1동 마을마당,1179
1482,4,2110149,세종대학교,122
1483,4,2110148,어린이대공원역 3번,17
1484,4,2110147,능동우편취급국,815
1485,4,2110146,신자초등학교,735
1486,4,2110145,장안초등학교,7
1487,4,2110144,어린이대공원역 4번,47
1488,4,2110143,뚝섬유원지역 1번,63
1489,4,2110142,화양사거리,213
1490,4,2110141,건대입구역 1번,213
1491,4,2110140,건대입구역 6번,552
1492,4,2110139,자양4동주민센터,204
1493,4,2110138,송정체육공원,160
1494,4,2110137,성수초등학교,6605
1495,4,2110136,경수초등학교,4745
1496,4,2110135,성동세무서,355
1497,4,2110134,성수119안전센터,771
1498,4,2110133,서울교통공사,122
1499,4,2110132,성수2가3동주민센터,786
1500,4,2110131,성수동카페거리,4798
1501,4,2110130,답십리역 6번,105
1502,4,2110129,성원어린이공원,664
1503,4,2110128,성원중학교,1237
1504,4,2110127,성수1가1동주민센터,290
1505,4,2110126,서울숲역 1번,27
1506,4,2110125,사근동살곶이상점가,135
1507,4,2110124,뚝섬역교차로,1253
1508,4,2110123,마장역 3번,511
1509,4,2110122,마장역 2번,464
1510,4,2110121,한양대역 4번,45
1511,4,2110120,서울숲카페거리,79
1512,4,2110119,마장지하차도,127
1513,4,2110118,왕십리역 9번,697
1514,4,2110117,성동구보건소,103
1515,4,2110116,청계천박물관,4884
1516,4,2110115,상왕십리역 3번,945
1517,4,2110114,왕십리파출소,68
1518,4,2110113,응봉산,77
1519,4,2110112,행당역 2번,205
1520,4,2110111,대현산장미원,51
1521,4,2110110,상왕십리역 6번,93
1522,4,2110109,금호삼성래미안아파트,92
1523,4,2110108,성동구립금호도서관,6
1524,4,2110107,금호사거리,37
1525,4,2110105,금동어린이공원,43
1526,4,2110104,신금호역 4번,275
1527,4,2110103,옥수터널,13
1528,4,2110102,옥수역 6번,3362
1529,4,2110101,옥정중학교,218
1530,4,2110100,옥수동우편취급국,46
1531,4,2110099,유엔빌리지길,12646
1532,4,2110098,서울독일학교,242
1533,4,2110097,한남초등학교,3116
1534,4,2110096,한남힐사이드아파트,4186
1535,4,2110095,한강진역 3번,1186
1536,4,2110094,오산중학교,26
1537,4,2110093,우사단길,2482
1538,4,2110092,NH농협은행 보광동지점,514
1539,4,2110091,리움미술관,1106
1540,4,2110090,한국폴리텍대학서울정수캠퍼스,3968
1541,4,2110089,서빙고동주민센터,752
1542,4,2110088,오산고등학교,1696
1543,4,2110087,이태원엔틱가구거리,463
1544,4,2110086,이태원역 북측,9251
1545,4,2110085,경리단길남측,532
1546,4,2110084,경리단길북측,315
1547,4,2110083,서빙고역 1번,149
1548,4,2110082,용산구청,1571
1549,4,2110081,해방촌 남동측,291
1550,4,2110080,해방촌예술마을,277
1551,4,2110079,후암동주민센터,1084
1552,4,2110078,이촌동점보아파트,69
1553,4,2110077,삼광초등학교,385
1554,4,2110076,삼각지역 14번,537
1555,4,2110075,숙대입구역 1번,1630
1556,4,2110074,서울역 12번,8149
1557,4,2110073,삼각지역 3번,7916
1558,4,2110072,열정도,374
1559,4,2110071,한강미주맨션아파트,281
1560,4,2110070,용산세무서,184
1561,4,2110069,숙대입구,829
1562,4,2110068,남영역 1번,1039
1563,4,2110067,배문고등학교,1574
1564,4,2110066,서울역 15번,748
1565,4,2110065,남정초등학교,137
1566,4,2110064,효창공원앞역 2번,925
1567,4,2110063,효창공원앞역 5번,530
1568,4,2110062,한강로동땡땡거리(은행나무길),5667
1569,4,2110061,효창동주민센터,473
1570,4,2110060,효창공원앞역 6번,291
1571,4,2110059,새남터성지,385
1572,4,2110058,성심여자고등학교,947
1573,4,2110057,황학코아루아파트,57
1574,4,2110056,신당역 3번,506
1575,4,2110055,황학동벼룩시장,29
1576,4,2110054,청구역 3번,1537
1577,4,2110053,청구역 1번,281
1578,4,2110052,장충초등학교,484
1579,4,2110051,한양공고앞 교차로,111
1580,4,2110050,약수역 7번,309
1581,4,2110049,장충단 고개,2303
1582,4,2110048,장충동주민센터,5312
1583,4,2110047,다산성곽길,160
1584,4,2110046,버티고개,106
1585,4,2110045,동대문역사문화공원역 5번,234
1586,4,2110044,관성묘,405
1587,4,2110043,충무초등학교,1202
1588,4,2110042,남산골공원옆,994
1589,4,2110041,남산케이블카,967
1590,4,2110040,중구회현체육센터(정화예술대남산캠퍼스),165
1591,4,2110039,회현역 1번,49
1592,4,2110038,경향신문사,2636
1593,4,2110037,신설동역 12번,208
1594,4,2110036,동묘앞역 3번,65
1595,4,2110035,동묘앞역 2번,276
1596,4,2110034,창신1동주민센터,41
1597,4,2110033,창신역 4번,166
1598,4,2110032,수족관거리,31
1599,4,2110031,창신역 1번,44
1600,4,2110030,동대문역 3번,10
1601,4,2110029,동대문역 1번,235
1602,4,2110028,이화달팽이길,704
1603,4,2110027,혜화역 1번,617
1604,4,2110026,종로5가역 4번,190
1605,4,2110025,충신시장옆,213
1606,4,2110024,혜회동주민센터,928
1607,4,2110023,서울대병원,186
1608,4,2110022,경신고등학교,537
1609,4,2110021,성균관대학교,387
1610,4,2110020,서울국제고등학교,639
1611,4,2110019,창덕궁,325
1612,4,2110018,중앙고등학교,888
1613,4,2110017,정독도서관,650
1614,4,2110016,평창동동측,7589
1615,4,2110015,청와대사랑채,578
1616,4,2110014,경복고등학교,194
1617,4,2110013,체부동홍종문가옥,119
1618,4,2110012,성곡미술관,1061
1619,4,2110011,청운초등학교,263
1620,4,2110010,평창동서측,6687
1621,4,2110009,자하문터널,950
1622,4,2110008,배화여자대학교(박노수미술관),552
1623,4,2110007,사직공원(한국사회과학도서관),283
1624,4,2110006,부암동주민센터,27
1625,4,2110005,세검정,1006
1626,4,2110004,대신고등학교,32
1627,4,2110003,세검정초등학교,485
1628,4,2110002,독립문역 1번,475
1629,4,2110001,이북5도청사,1066
